experiment	submitFileName	 file licensePlate	distinguishing character	ENCSR
wgEncodeEH001343	hg19/wgEncodeHaibMethylRrbs/wgEncodeHaibMethylRrbsHek293StanfordSitesRep1.bed.bigBed	ENCFF000MBE	Stanford	ENCSR794HFF
wgEncodeEH001343	hg19/wgEncodeHaibMethylRrbs/wgEncodeHaibMethylRrbsHek293StanfordSitesRep2.bed.bigBed	ENCFF000MBG	Stanford	ENCSR794HFF
wgEncodeEH001343	hg19/wgEncodeHaibMethylRrbs/wgEncodeHaibMethylRrbsHek293StanfordRawDataRep2.fastq.gz	ENCFF000MBM	Stanford	ENCSR794HFF
wgEncodeEH001343	hg19/wgEncodeHaibMethylRrbs/wgEncodeHaibMethylRrbsHek293YalegrowprotSitesRep1.bed9.bigBed	ENCFF000MBN	Stanford	ENCSR794HFF
wgEncodeEH001343	hg19/wgEncodeHaibMethylRrbs/wgEncodeHaibMethylRrbsHek293YalegrowprotSitesRep2.bed9.bigBed	ENCFF000MBO	Stanford	ENCSR794HFF
wgEncodeEH001343	hg19/wgEncodeHaibMethylRrbs/wgEncodeHaibMethylRrbsHek293StanfordRawDataRep1.fastq.gz	ENCFF000MBV	Stanford	ENCSR794HFF
wgEncodeEH001343	hg19/wgEncodeHaibMethylRrbs/wgEncodeHaibMethylRrbsHek293StanfordSitesRep1.bed.gz	ENCFF001TMQ	Stanford	ENCSR794HFF
wgEncodeEH001343	hg19/wgEncodeHaibMethylRrbs/wgEncodeHaibMethylRrbsHek293StanfordSitesRep2.bed.gz	ENCFF001TMR	Stanford	ENCSR794HFF
wgEncodeEH001343	hg19/wgEncodeHaibMethylRrbs/wgEncodeHaibMethylRrbsHek293UwSitesRep1.bed.bigBed	ENCFF000MBI	UW	ENCSR087IEW
wgEncodeEH001343	hg19/wgEncodeHaibMethylRrbs/wgEncodeHaibMethylRrbsHek293UwSitesRep2.bed.bigBed	ENCFF000MBJ	UW	ENCSR087IEW
wgEncodeEH001343	hg19/wgEncodeHaibMethylRrbs/wgEncodeHaibMethylRrbsHek293UwstamgrowprotSitesRep1.bed9.bigBed	ENCFF000MBK	UW	ENCSR087IEW
wgEncodeEH001343	hg19/wgEncodeHaibMethylRrbs/wgEncodeHaibMethylRrbsHek293UwstamgrowprotSitesRep2.bed9.bigBed	ENCFF000MBL	UW	ENCSR087IEW
wgEncodeEH001343	hg19/wgEncodeHaibMethylRrbs/wgEncodeHaibMethylRrbsHek293UwRawDataRep1.fastq.gz	ENCFF000MBP	UW	ENCSR087IEW
wgEncodeEH001343	hg19/wgEncodeHaibMethylRrbs/wgEncodeHaibMethylRrbsHek293UwRawDataRep2.fastq.gz	ENCFF000MBR	UW	ENCSR087IEW
wgEncodeEH001343	hg19/wgEncodeHaibMethylRrbs/wgEncodeHaibMethylRrbsHek293UwSitesRep1.bed.gz	ENCFF001TMS	UW	ENCSR087IEW
wgEncodeEH001343	hg19/wgEncodeHaibMethylRrbs/wgEncodeHaibMethylRrbsHek293UwSitesRep2.bed.gz	ENCFF001TMT	UW	ENCSR087IEW
wgEncodeEH001349	hg19/wgEncodeHaibMethylRrbs/wgEncodeHaibMethylRrbsHepg2DukeSitesRep1.bed.bigBed	ENCFF000MCB	Duke	ENCSR592WWM
wgEncodeEH001349	hg19/wgEncodeHaibMethylRrbs/wgEncodeHaibMethylRrbsHepg2DukeSitesRep2.bed.bigBed	ENCFF000MCC	Duke	ENCSR592WWM
wgEncodeEH001349	hg19/wgEncodeHaibMethylRrbs/wgEncodeHaibMethylRrbsHepg2DukeRawDataRep1.fastq.gz	ENCFF000MCF	Duke	ENCSR592WWM
wgEncodeEH001349	hg19/wgEncodeHaibMethylRrbs/wgEncodeHaibMethylRrbsHepg2OpenchromgrowprotSitesRep1.bed9.bigBed	ENCFF000MCJ	Duke	ENCSR592WWM
wgEncodeEH001349	hg19/wgEncodeHaibMethylRrbs/wgEncodeHaibMethylRrbsHepg2OpenchromgrowprotSitesRep2.bed9.bigBed	ENCFF000MCK	Duke	ENCSR592WWM
wgEncodeEH001349	hg19/wgEncodeHaibMethylRrbs/wgEncodeHaibMethylRrbsHepg2DukeRawDataRep2.fastq.gz	ENCFF000MCN	Duke	ENCSR592WWM
wgEncodeEH001349	hg19/wgEncodeHaibMethylRrbs/wgEncodeHaibMethylRrbsHepg2DukeSitesRep1.bed.gz	ENCFF001TMY	Duke	ENCSR592WWM
wgEncodeEH001349	hg19/wgEncodeHaibMethylRrbs/wgEncodeHaibMethylRrbsHepg2DukeSitesRep2.bed.gz	ENCFF001TMZ	Duke	ENCSR592WWM
wgEncodeEH001349	hg19/wgEncodeHaibMethylRrbs/wgEncodeHaibMethylRrbsHepg2HaibSitesRep1.bed.bigBed	ENCFF000MCE	HAIB	ENCSR530RCY
wgEncodeEH001349	hg19/wgEncodeHaibMethylRrbs/wgEncodeHaibMethylRrbsHepg2HaibSitesRep2.bed.bigBed	ENCFF000MCG	HAIB	ENCSR530RCY
wgEncodeEH001349	hg19/wgEncodeHaibMethylRrbs/wgEncodeHaibMethylRrbsHepg2HudsonalphagrowprotSitesRep1.bed9.bigBed	ENCFF000MCH	HAIB	ENCSR530RCY
wgEncodeEH001349	hg19/wgEncodeHaibMethylRrbs/wgEncodeHaibMethylRrbsHepg2HudsonalphagrowprotSitesRep2.bed9.bigBed	ENCFF000MCI	HAIB	ENCSR530RCY
wgEncodeEH001349	hg19/wgEncodeHaibMethylRrbs/wgEncodeHaibMethylRrbsHepg2HaibRawDataRep2.fastq.gz	ENCFF000MCL	HAIB	ENCSR530RCY
wgEncodeEH001349	hg19/wgEncodeHaibMethylRrbs/wgEncodeHaibMethylRrbsHepg2HaibRawDataRep1.fastq.gz	ENCFF000MCR	HAIB	ENCSR530RCY
wgEncodeEH001349	hg19/wgEncodeHaibMethylRrbs/wgEncodeHaibMethylRrbsHepg2HaibSitesRep1.bed.gz	ENCFF001TNA	HAIB	ENCSR530RCY
wgEncodeEH001349	hg19/wgEncodeHaibMethylRrbs/wgEncodeHaibMethylRrbsHepg2HaibSitesRep2.bed.gz	ENCFF001TNB	HAIB	ENCSR530RCY
wgEncodeEH001350	hg19/wgEncodeHaibMethylRrbs/wgEncodeHaibMethylRrbsMcf7DukeSitesRep1.bed.bigBed	ENCFF000MHP	Duke	ENCSR939RXT
wgEncodeEH001350	hg19/wgEncodeHaibMethylRrbs/wgEncodeHaibMethylRrbsMcf7DukeSitesRep2.bed.bigBed	ENCFF000MHQ	Duke	ENCSR939RXT
wgEncodeEH001350	hg19/wgEncodeHaibMethylRrbs/wgEncodeHaibMethylRrbsMcf7OpenchromgrowprotSitesRep1.bed9.bigBed	ENCFF000MHR	Duke	ENCSR939RXT
wgEncodeEH001350	hg19/wgEncodeHaibMethylRrbs/wgEncodeHaibMethylRrbsMcf7OpenchromgrowprotSitesRep2.bed9.bigBed	ENCFF000MHS	Duke	ENCSR939RXT
wgEncodeEH001350	hg19/wgEncodeHaibMethylRrbs/wgEncodeHaibMethylRrbsMcf7DukeRawDataRep2.fastq.gz	ENCFF000MHT	Duke	ENCSR939RXT
wgEncodeEH001350	hg19/wgEncodeHaibMethylRrbs/wgEncodeHaibMethylRrbsMcf7DukeRawDataRep1.fastq.gz	ENCFF000MHU	Duke	ENCSR939RXT
wgEncodeEH001350	hg19/wgEncodeHaibMethylRrbs/wgEncodeHaibMethylRrbsMcf7DukeSitesRep1.bed.gz	ENCFF001TOZ	Duke	ENCSR939RXT
wgEncodeEH001350	hg19/wgEncodeHaibMethylRrbs/wgEncodeHaibMethylRrbsMcf7DukeSitesRep2.bed.gz	ENCFF001TPA	Duke	ENCSR939RXT
wgEncodeEH001350	hg19/wgEncodeHaibMethylRrbs/wgEncodeHaibMethylRrbsMcf7StanfordSitesRep1.bed.bigBed	ENCFF000MHZ	Stanford	ENCSR943EFS
wgEncodeEH001350	hg19/wgEncodeHaibMethylRrbs/wgEncodeHaibMethylRrbsMcf7StanfordSitesRep2.bed.bigBed	ENCFF000MIB	Stanford	ENCSR943EFS
wgEncodeEH001350	hg19/wgEncodeHaibMethylRrbs/wgEncodeHaibMethylRrbsMcf7StanfordRawDataRep1.fastq.gz	ENCFF000MIC	Stanford	ENCSR943EFS
wgEncodeEH001350	hg19/wgEncodeHaibMethylRrbs/wgEncodeHaibMethylRrbsMcf7YalegrowprotSitesRep1.bed9.bigBed	ENCFF000MIH	Stanford	ENCSR943EFS
wgEncodeEH001350	hg19/wgEncodeHaibMethylRrbs/wgEncodeHaibMethylRrbsMcf7YalegrowprotSitesRep2.bed9.bigBed	ENCFF000MII	Stanford	ENCSR943EFS
wgEncodeEH001350	hg19/wgEncodeHaibMethylRrbs/wgEncodeHaibMethylRrbsMcf7StanfordRawDataRep2.fastq.gz	ENCFF000MIJ	Stanford	ENCSR943EFS
wgEncodeEH001350	hg19/wgEncodeHaibMethylRrbs/wgEncodeHaibMethylRrbsMcf7StanfordSitesRep1.bed.gz	ENCFF001TPB	Stanford	ENCSR943EFS
wgEncodeEH001350	hg19/wgEncodeHaibMethylRrbs/wgEncodeHaibMethylRrbsMcf7StanfordSitesRep2.bed.gz	ENCFF001TPC	Stanford	ENCSR943EFS
wgEncodeEH001350	hg19/wgEncodeHaibMethylRrbs/wgEncodeHaibMethylRrbsMcf7UwSitesRep1.bed.bigBed	ENCFF000MID	UW	ENCSR605IIO
wgEncodeEH001350	hg19/wgEncodeHaibMethylRrbs/wgEncodeHaibMethylRrbsMcf7UwSitesRep2.bed.bigBed	ENCFF000MIE	UW	ENCSR605IIO
wgEncodeEH001350	hg19/wgEncodeHaibMethylRrbs/wgEncodeHaibMethylRrbsMcf7UwstamgrowprotSitesRep1.bed9.bigBed	ENCFF000MIF	UW	ENCSR605IIO
wgEncodeEH001350	hg19/wgEncodeHaibMethylRrbs/wgEncodeHaibMethylRrbsMcf7UwstamgrowprotSitesRep2.bed9.bigBed	ENCFF000MIG	UW	ENCSR605IIO
wgEncodeEH001350	hg19/wgEncodeHaibMethylRrbs/wgEncodeHaibMethylRrbsMcf7UwRawDataRep1.fastq.gz	ENCFF000MIL	UW	ENCSR605IIO
wgEncodeEH001350	hg19/wgEncodeHaibMethylRrbs/wgEncodeHaibMethylRrbsMcf7UwRawDataRep2.fastq.gz	ENCFF000MIM	UW	ENCSR605IIO
wgEncodeEH001350	hg19/wgEncodeHaibMethylRrbs/wgEncodeHaibMethylRrbsMcf7UwSitesRep1.bed.gz	ENCFF001TPD	UW	ENCSR605IIO
wgEncodeEH001350	hg19/wgEncodeHaibMethylRrbs/wgEncodeHaibMethylRrbsMcf7UwSitesRep2.bed.gz	ENCFF001TPE	UW	ENCSR605IIO
wgEncodeEH001353	hg19/wgEncodeHaibMethylRrbs/wgEncodeHaibMethylRrbsNt2d1StanfordSitesRep1.bed.bigBed	ENCFF000MJX	Stanford	ENCSR304PMI
wgEncodeEH001353	hg19/wgEncodeHaibMethylRrbs/wgEncodeHaibMethylRrbsNt2d1StanfordSitesRep2.bed.bigBed	ENCFF000MJY	Stanford	ENCSR304PMI
wgEncodeEH001353	hg19/wgEncodeHaibMethylRrbs/wgEncodeHaibMethylRrbsNt2d1StanfordRawDataRep1.fastq.gz	ENCFF000MKA	Stanford	ENCSR304PMI
wgEncodeEH001353	hg19/wgEncodeHaibMethylRrbs/wgEncodeHaibMethylRrbsNt2d1StanfordRawDataRep2.fastq.gz	ENCFF000MKD	Stanford	ENCSR304PMI
wgEncodeEH001353	hg19/wgEncodeHaibMethylRrbs/wgEncodeHaibMethylRrbsNt2d1YalegrowprotSitesRep1.bed9.bigBed	ENCFF000MKG	Stanford	ENCSR304PMI
wgEncodeEH001353	hg19/wgEncodeHaibMethylRrbs/wgEncodeHaibMethylRrbsNt2d1YalegrowprotSitesRep2.bed9.bigBed	ENCFF000MKI	Stanford	ENCSR304PMI
wgEncodeEH001353	hg19/wgEncodeHaibMethylRrbs/wgEncodeHaibMethylRrbsNt2d1StanfordSitesRep1.bed.gz	ENCFF001TPU	Stanford	ENCSR304PMI
wgEncodeEH001353	hg19/wgEncodeHaibMethylRrbs/wgEncodeHaibMethylRrbsNt2d1StanfordSitesRep2.bed.gz	ENCFF001TPV	Stanford	ENCSR304PMI
wgEncodeEH001353	hg19/wgEncodeHaibMethylRrbs/wgEncodeHaibMethylRrbsNt2d1UwRawDataRep1.fastq.gz	ENCFF000MJZ	UW	ENCSR080YRO
wgEncodeEH001353	hg19/wgEncodeHaibMethylRrbs/wgEncodeHaibMethylRrbsNt2d1UwstamgrowprotSitesRep2.bed9.bigBed	ENCFF000MKE	UW	ENCSR080YRO
wgEncodeEH001353	hg19/wgEncodeHaibMethylRrbs/wgEncodeHaibMethylRrbsNt2d1UwSitesRep2.bed.bigBed	ENCFF000MKF	UW	ENCSR080YRO
wgEncodeEH001353	hg19/wgEncodeHaibMethylRrbs/wgEncodeHaibMethylRrbsNt2d1UwSitesRep1.bed.bigBed	ENCFF000MKH	UW	ENCSR080YRO
wgEncodeEH001353	hg19/wgEncodeHaibMethylRrbs/wgEncodeHaibMethylRrbsNt2d1UwRawDataRep2.fastq.gz	ENCFF000MKN	UW	ENCSR080YRO
wgEncodeEH001353	hg19/wgEncodeHaibMethylRrbs/wgEncodeHaibMethylRrbsNt2d1UwSitesRep1.bed.gz	ENCFF001TPW	UW	ENCSR080YRO
wgEncodeEH001353	hg19/wgEncodeHaibMethylRrbs/wgEncodeHaibMethylRrbsNt2d1UwSitesRep2.bed.gz	ENCFF001TPX	UW	ENCSR080YRO
wgEncodeEH001380	hg19/wgEncodeHaibMethylRrbs/wgEncodeHaibMethylRrbsNhaDukeSitesRep1.bed.bigBed	ENCFF000MJB	Duke	ENCSR530QCN
wgEncodeEH001380	hg19/wgEncodeHaibMethylRrbs/wgEncodeHaibMethylRrbsNhaDukeSitesRep2.bed.bigBed	ENCFF000MJC	Duke	ENCSR530QCN
wgEncodeEH001380	hg19/wgEncodeHaibMethylRrbs/wgEncodeHaibMethylRrbsNhaDukeRawDataRep1.fastq.gz	ENCFF000MJE	Duke	ENCSR530QCN
wgEncodeEH001380	hg19/wgEncodeHaibMethylRrbs/wgEncodeHaibMethylRrbsNhaDukeRawDataRep2.fastq.gz	ENCFF000MJO	Duke	ENCSR530QCN
wgEncodeEH001380	hg19/wgEncodeHaibMethylRrbs/wgEncodeHaibMethylRrbsNhaDukeSitesRep1.bed.gz	ENCFF001TPM	Duke	ENCSR530QCN
wgEncodeEH001380	hg19/wgEncodeHaibMethylRrbs/wgEncodeHaibMethylRrbsNhaDukeSitesRep2.bed.gz	ENCFF001TPN	Duke	ENCSR530QCN
wgEncodeEH001380	hg19/wgEncodeHaibMethylRrbs/wgEncodeHaibMethylRrbsNhaUwSitesRep1.bed.bigBed	ENCFF000MJG	UW	ENCSR472ORV
wgEncodeEH001380	hg19/wgEncodeHaibMethylRrbs/wgEncodeHaibMethylRrbsNhaUwSitesRep2.bed.bigBed	ENCFF000MJH	UW	ENCSR472ORV
wgEncodeEH001380	hg19/wgEncodeHaibMethylRrbs/wgEncodeHaibMethylRrbsNhaUwstamgrowprotSitesRep1.bed9.bigBed	ENCFF000MJI	UW	ENCSR472ORV
wgEncodeEH001380	hg19/wgEncodeHaibMethylRrbs/wgEncodeHaibMethylRrbsNhaUwstamgrowprotSitesRep2.bed9.bigBed	ENCFF000MJJ	UW	ENCSR472ORV
wgEncodeEH001380	hg19/wgEncodeHaibMethylRrbs/wgEncodeHaibMethylRrbsNhaUwRawDataRep1.fastq.gz	ENCFF000MJK	UW	ENCSR472ORV
wgEncodeEH001380	hg19/wgEncodeHaibMethylRrbs/wgEncodeHaibMethylRrbsNhaUwRawDataRep2.fastq.gz	ENCFF000MJQ	UW	ENCSR472ORV
wgEncodeEH001380	hg19/wgEncodeHaibMethylRrbs/wgEncodeHaibMethylRrbsNhaUwSitesRep1.bed.gz	ENCFF001TPO	UW	ENCSR472ORV
wgEncodeEH001380	hg19/wgEncodeHaibMethylRrbs/wgEncodeHaibMethylRrbsNhaUwSitesRep2.bed.gz	ENCFF001TPP	UW	ENCSR472ORV
wgEncodeEH001406	hg19/wgEncodeHaibMethylRrbs/wgEncodeHaibMethylRrbsLncapDukeSitesRep1.bed.bigBed	ENCFF000MGM	Duke	ENCSR859PDD
wgEncodeEH001406	hg19/wgEncodeHaibMethylRrbs/wgEncodeHaibMethylRrbsLncapDukeSitesRep2.bed.bigBed	ENCFF000MGN	Duke	ENCSR859PDD
wgEncodeEH001406	hg19/wgEncodeHaibMethylRrbs/wgEncodeHaibMethylRrbsLncapDukeRawDataRep1.fastq.gz	ENCFF000MGO	Duke	ENCSR859PDD
wgEncodeEH001406	hg19/wgEncodeHaibMethylRrbs/wgEncodeHaibMethylRrbsLncapDukeRawDataRep2.fastq.gz	ENCFF000MGS	Duke	ENCSR859PDD
wgEncodeEH001406	hg19/wgEncodeHaibMethylRrbs/wgEncodeHaibMethylRrbsLncapDukeSitesRep1.bed.gz	ENCFF001TOP	Duke	ENCSR859PDD
wgEncodeEH001406	hg19/wgEncodeHaibMethylRrbs/wgEncodeHaibMethylRrbsLncapDukeSitesRep2.bed.gz	ENCFF001TOQ	Duke	ENCSR859PDD
wgEncodeEH001406	hg19/wgEncodeHaibMethylRrbs/wgEncodeHaibMethylRrbsLncapUwSitesRep1.bed.bigBed	ENCFF000MGP	UW	ENCSR439FXM
wgEncodeEH001406	hg19/wgEncodeHaibMethylRrbs/wgEncodeHaibMethylRrbsLncapUwSitesRep2.bed.bigBed	ENCFF000MGQ	UW	ENCSR439FXM
wgEncodeEH001406	hg19/wgEncodeHaibMethylRrbs/wgEncodeHaibMethylRrbsLncapUwRawDataRep1.fastq.gz	ENCFF000MGR	UW	ENCSR439FXM
wgEncodeEH001406	hg19/wgEncodeHaibMethylRrbs/wgEncodeHaibMethylRrbsLncapUwRawDataRep2.fastq.gz	ENCFF000MGT	UW	ENCSR439FXM
wgEncodeEH001406	hg19/wgEncodeHaibMethylRrbs/wgEncodeHaibMethylRrbsLncapUwSitesRep1.bed.gz	ENCFF001TOR	UW	ENCSR439FXM
wgEncodeEH001406	hg19/wgEncodeHaibMethylRrbs/wgEncodeHaibMethylRrbsLncapUwSitesRep2.bed.gz	ENCFF001TOS	UW	ENCSR439FXM
wgEncodeEH001408	hg19/wgEncodeHaibMethylRrbs/wgEncodeHaibMethylRrbsPanc1HaibSitesRep1.bed.bigBed	ENCFF000MKU	HAIB	ENCSR925EIW
wgEncodeEH001408	hg19/wgEncodeHaibMethylRrbs/wgEncodeHaibMethylRrbsPanc1HaibSitesRep2.bed.bigBed	ENCFF000MKV	HAIB	ENCSR925EIW
wgEncodeEH001408	hg19/wgEncodeHaibMethylRrbs/wgEncodeHaibMethylRrbsPanc1HaibRawDataRep1.fastq.gz	ENCFF000MKX	HAIB	ENCSR925EIW
wgEncodeEH001408	hg19/wgEncodeHaibMethylRrbs/wgEncodeHaibMethylRrbsPanc1HaibRawDataRep2.fastq.gz	ENCFF000MKZ	HAIB	ENCSR925EIW
wgEncodeEH001408	hg19/wgEncodeHaibMethylRrbs/wgEncodeHaibMethylRrbsPanc1HaibSitesRep1.bed.gz	ENCFF001TQC	HAIB	ENCSR925EIW
wgEncodeEH001408	hg19/wgEncodeHaibMethylRrbs/wgEncodeHaibMethylRrbsPanc1HaibSitesRep2.bed.gz	ENCFF001TQD	HAIB	ENCSR925EIW
wgEncodeEH001408	hg19/wgEncodeHaibMethylRrbs/wgEncodeHaibMethylRrbsPanc1UwSitesRep1.bed.bigBed	ENCFF000MKY	UW	ENCSR746DQH
wgEncodeEH001408	hg19/wgEncodeHaibMethylRrbs/wgEncodeHaibMethylRrbsPanc1UwSitesRep2.bed.bigBed	ENCFF000MLA	UW	ENCSR746DQH
wgEncodeEH001408	hg19/wgEncodeHaibMethylRrbs/wgEncodeHaibMethylRrbsPanc1UwRawDataRep1.fastq.gz	ENCFF000MLB	UW	ENCSR746DQH
wgEncodeEH001408	hg19/wgEncodeHaibMethylRrbs/wgEncodeHaibMethylRrbsPanc1UwRawDataRep2.fastq.gz	ENCFF000MLC	UW	ENCSR746DQH
wgEncodeEH001408	hg19/wgEncodeHaibMethylRrbs/wgEncodeHaibMethylRrbsPanc1UwSitesRep1.bed.gz	ENCFF001TQE	UW	ENCSR746DQH
wgEncodeEH001408	hg19/wgEncodeHaibMethylRrbs/wgEncodeHaibMethylRrbsPanc1UwSitesRep2.bed.gz	ENCFF001TQF	UW	ENCSR746DQH
wgEncodeEH002214	hg19/wgEncodeHaibMethyl450/wgEncodeHaibMethyl450Hct116HaibSitesRep1.bigBed	ENCFF000LRH	HAIB	ENCSR000ACU
wgEncodeEH002214	hg19/wgEncodeHaibMethyl450/wgEncodeHaibMethyl450Hct116StanfordSitesRep1.bigBed	ENCFF000LRI	Stanford	ENCSR000ADF
wgEncodeEH002236	hg19/wgEncodeUwRepliSeq/wgEncodeUwRepliSeqBjG1bAlnRep1.bam	ENCFF001GIA	G1b	ENCSR000CXO
wgEncodeEH002236	hg19/wgEncodeUwRepliSeq/wgEncodeUwRepliSeqBjG1bAlnRep2.bam	ENCFF001GIB	G1b	ENCSR000CXO
wgEncodeEH002236	hg19/wgEncodeUwRepliSeq/wgEncodeUwRepliSeqBjG1bPctSignalRep1.bigWig	ENCFF001GIC	G1b	ENCSR000CXO
wgEncodeEH002236	hg19/wgEncodeUwRepliSeq/wgEncodeUwRepliSeqBjG1bPctSignalRep2.bigWig	ENCFF001GID	G1b	ENCSR000CXO
wgEncodeEH002236	hg19/wgEncodeUwRepliSeq/wgEncodeUwRepliSeqBjG1bRawDataRep1.fastq.gz	ENCFF001GIR	G1b	ENCSR000CXO
wgEncodeEH002236	hg19/wgEncodeUwRepliSeq/wgEncodeUwRepliSeqBjG1bRawDataRep2.fastq.gz	ENCFF001GIS	G1b	ENCSR000CXO
wgEncodeEH002236	hg19/wgEncodeUwRepliSeq/wgEncodeUwRepliSeqBjG2AlnRep1.bam	ENCFF001GIH	G2	ENCSR895MIM
wgEncodeEH002236	hg19/wgEncodeUwRepliSeq/wgEncodeUwRepliSeqBjG2AlnRep2.bam	ENCFF001GIJ	G2	ENCSR895MIM
wgEncodeEH002236	hg19/wgEncodeUwRepliSeq/wgEncodeUwRepliSeqBjG2PctSignalRep1.bigWig	ENCFF001GII	G2	ENCSR895MIM
wgEncodeEH002236	hg19/wgEncodeUwRepliSeq/wgEncodeUwRepliSeqBjG2PctSignalRep2.bigWig	ENCFF001GIK	G2	ENCSR895MIM
wgEncodeEH002236	hg19/wgEncodeUwRepliSeq/wgEncodeUwRepliSeqBjG2RawDataRep1.fastq.gz	ENCFF001GIU	G2	ENCSR895MIM
wgEncodeEH002236	hg19/wgEncodeUwRepliSeq/wgEncodeUwRepliSeqBjG2RawDataRep2.fastq.gz	ENCFF001GIV	G2	ENCSR895MIM
wgEncodeEH002236	hg19/wgEncodeUwRepliSeq/wgEncodeUwRepliSeqBjPkRep1.bed.gz	ENCFF001XKH		ENCSR579NVW
wgEncodeEH002236	hg19/wgEncodeUwRepliSeq/wgEncodeUwRepliSeqBjPkRep1.bigBed	ENCFF001GIL		ENCSR579NVW
wgEncodeEH002236	hg19/wgEncodeUwRepliSeq/wgEncodeUwRepliSeqBjPkRep2.bed.gz	ENCFF001XKI		ENCSR579NVW
wgEncodeEH002236	hg19/wgEncodeUwRepliSeq/wgEncodeUwRepliSeqBjPkRep2.bigBed	ENCFF001GIM		ENCSR579NVW
wgEncodeEH002236	hg19/wgEncodeUwRepliSeq/wgEncodeUwRepliSeqBjS1AlnRep1.bam	ENCFF001GIN	S1	ENCSR935ULX
wgEncodeEH002236	hg19/wgEncodeUwRepliSeq/wgEncodeUwRepliSeqBjS1AlnRep2.bam	ENCFF001GIO	S1	ENCSR935ULX
wgEncodeEH002236	hg19/wgEncodeUwRepliSeq/wgEncodeUwRepliSeqBjS1PctSignalRep1.bigWig	ENCFF001GIP	S1	ENCSR935ULX
wgEncodeEH002236	hg19/wgEncodeUwRepliSeq/wgEncodeUwRepliSeqBjS1PctSignalRep2.bigWig	ENCFF001GIQ	S1	ENCSR935ULX
wgEncodeEH002236	hg19/wgEncodeUwRepliSeq/wgEncodeUwRepliSeqBjS1RawDataRep1.fastq.gz	ENCFF001GJE	S1	ENCSR935ULX
wgEncodeEH002236	hg19/wgEncodeUwRepliSeq/wgEncodeUwRepliSeqBjS1RawDataRep2.fastq.gz	ENCFF001GIY	S1	ENCSR935ULX
wgEncodeEH002236	hg19/wgEncodeUwRepliSeq/wgEncodeUwRepliSeqBjS2AlnRep1.bam	ENCFF001GIT	S2	ENCSR750HRE
wgEncodeEH002236	hg19/wgEncodeUwRepliSeq/wgEncodeUwRepliSeqBjS2AlnRep2.bam	ENCFF001GIW	S2	ENCSR750HRE
wgEncodeEH002236	hg19/wgEncodeUwRepliSeq/wgEncodeUwRepliSeqBjS2PctSignalRep1.bigWig	ENCFF001GIX	S2	ENCSR750HRE
wgEncodeEH002236	hg19/wgEncodeUwRepliSeq/wgEncodeUwRepliSeqBjS2PctSignalRep2.bigWig	ENCFF001GIZ	S2	ENCSR750HRE
wgEncodeEH002236	hg19/wgEncodeUwRepliSeq/wgEncodeUwRepliSeqBjS2RawDataRep1.fastq.gz	ENCFF001GJJ	S2	ENCSR750HRE
wgEncodeEH002236	hg19/wgEncodeUwRepliSeq/wgEncodeUwRepliSeqBjS2RawDataRep2.fastq.gz	ENCFF001GJK	S2	ENCSR750HRE
wgEncodeEH002236	hg19/wgEncodeUwRepliSeq/wgEncodeUwRepliSeqBjS3AlnRep1.bam	ENCFF001GJA	S3	ENCSR075IID
wgEncodeEH002236	hg19/wgEncodeUwRepliSeq/wgEncodeUwRepliSeqBjS3AlnRep2.bam	ENCFF001GJB	S3	ENCSR075IID
wgEncodeEH002236	hg19/wgEncodeUwRepliSeq/wgEncodeUwRepliSeqBjS3PctSignalRep1.bigWig	ENCFF001GJC	S3	ENCSR075IID
wgEncodeEH002236	hg19/wgEncodeUwRepliSeq/wgEncodeUwRepliSeqBjS3PctSignalRep2.bigWig	ENCFF001GJD	S3	ENCSR075IID
wgEncodeEH002236	hg19/wgEncodeUwRepliSeq/wgEncodeUwRepliSeqBjS3RawDataRep1.fastq.gz	ENCFF001GJS	S3	ENCSR075IID
wgEncodeEH002236	hg19/wgEncodeUwRepliSeq/wgEncodeUwRepliSeqBjS3RawDataRep2.fastq.gz	ENCFF001GJM	S3	ENCSR075IID
wgEncodeEH002236	hg19/wgEncodeUwRepliSeq/wgEncodeUwRepliSeqBjS4AlnRep1.bam	ENCFF001GJF	S4	ENCSR852QFP
wgEncodeEH002236	hg19/wgEncodeUwRepliSeq/wgEncodeUwRepliSeqBjS4AlnRep2.bam	ENCFF001GJG	S4	ENCSR852QFP
wgEncodeEH002236	hg19/wgEncodeUwRepliSeq/wgEncodeUwRepliSeqBjS4PctSignalRep1.bigWig	ENCFF001GJH	S4	ENCSR852QFP
wgEncodeEH002236	hg19/wgEncodeUwRepliSeq/wgEncodeUwRepliSeqBjS4PctSignalRep2.bigWig	ENCFF001GJI	S4	ENCSR852QFP
wgEncodeEH002236	hg19/wgEncodeUwRepliSeq/wgEncodeUwRepliSeqBjS4RawDataRep1.fastq.gz	ENCFF001GLD	S4	ENCSR852QFP
wgEncodeEH002236	hg19/wgEncodeUwRepliSeq/wgEncodeUwRepliSeqBjS4RawDataRep2.fastq.gz	ENCFF001GJY	S4	ENCSR852QFP
wgEncodeEH002236	hg19/wgEncodeUwRepliSeq/wgEncodeUwRepliSeqBjSumSignalRep1.bigWig	ENCFF001GJL		ENCSR579NVW
wgEncodeEH002236	hg19/wgEncodeUwRepliSeq/wgEncodeUwRepliSeqBjSumSignalRep2.bigWig	ENCFF001GJN		ENCSR579NVW
wgEncodeEH002236	hg19/wgEncodeUwRepliSeq/wgEncodeUwRepliSeqBjValleysRep1.bed.gz	ENCFF001XKJ		ENCSR579NVW
wgEncodeEH002236	hg19/wgEncodeUwRepliSeq/wgEncodeUwRepliSeqBjValleysRep1.bigBed	ENCFF001GJO		ENCSR579NVW
wgEncodeEH002236	hg19/wgEncodeUwRepliSeq/wgEncodeUwRepliSeqBjValleysRep2.bed.gz	ENCFF001XKK		ENCSR579NVW
wgEncodeEH002236	hg19/wgEncodeUwRepliSeq/wgEncodeUwRepliSeqBjValleysRep2.bigBed	ENCFF001GJP		ENCSR579NVW
wgEncodeEH002236	hg19/wgEncodeUwRepliSeq/wgEncodeUwRepliSeqBjWaveSignalRep1.bigWig	ENCFF001GJQ		ENCSR579NVW
wgEncodeEH002236	hg19/wgEncodeUwRepliSeq/wgEncodeUwRepliSeqBjWaveSignalRep2.bigWig	ENCFF001GJR		ENCSR579NVW
wgEncodeEH002250	hg19/wgEncodeUwRepliSeq/wgEncodeUwRepliSeqBg02esG1bAlnRep1.bam	ENCFF001GHE	G1b	ENCSR000CXB
wgEncodeEH002250	hg19/wgEncodeUwRepliSeq/wgEncodeUwRepliSeqBg02esG1bPctSignalRep1.bigWig	ENCFF001GHF	G1b	ENCSR000CXB
wgEncodeEH002250	hg19/wgEncodeUwRepliSeq/wgEncodeUwRepliSeqBg02esG1bRawDataRep1.fastq.gz	ENCFF001GHR	G1b	ENCSR000CXB
wgEncodeEH002250	hg19/wgEncodeUwRepliSeq/wgEncodeUwRepliSeqBg02esG2AlnRep1.bam	ENCFF001GHG	G2	ENCSR347TZI
wgEncodeEH002250	hg19/wgEncodeUwRepliSeq/wgEncodeUwRepliSeqBg02esG2PctSignalRep1.bigWig	ENCFF001GHH	G2	ENCSR347TZI
wgEncodeEH002250	hg19/wgEncodeUwRepliSeq/wgEncodeUwRepliSeqBg02esG2RawDataRep1.fastq.tgz.dir/UwStam_BG02-1-DS9028-FC20EM7-1.fastq.gz	ENCFF001GHI	G2	ENCSR347TZI
wgEncodeEH002250	hg19/wgEncodeUwRepliSeq/wgEncodeUwRepliSeqBg02esG2RawDataRep1.fastq.tgz.dir/UwStam_BG02-1-DS9028-FC20EMB-6.fastq.gz	ENCFF001GHJ	G2	ENCSR347TZI
wgEncodeEH002250	hg19/wgEncodeUwRepliSeq/wgEncodeUwRepliSeqBg02esPkRep1.bed.gz	ENCFF001XKF		ENCSR579NVW
wgEncodeEH002250	hg19/wgEncodeUwRepliSeq/wgEncodeUwRepliSeqBg02esPkRep1.bigBed	ENCFF001GHK		ENCSR579NVW
wgEncodeEH002250	hg19/wgEncodeUwRepliSeq/wgEncodeUwRepliSeqBg02esS1AlnRep1.bam	ENCFF001GHL	S1	ENCSR537ICK
wgEncodeEH002250	hg19/wgEncodeUwRepliSeq/wgEncodeUwRepliSeqBg02esS1PctSignalRep1.bigWig	ENCFF001GHM	S1	ENCSR537ICK
wgEncodeEH002250	hg19/wgEncodeUwRepliSeq/wgEncodeUwRepliSeqBg02esS1RawDataRep1.fastq.gz	ENCFF001GHU	S1	ENCSR537ICK
wgEncodeEH002250	hg19/wgEncodeUwRepliSeq/wgEncodeUwRepliSeqBg02esS2AlnRep1.bam	ENCFF001GHN	S2	ENCSR226MSR
wgEncodeEH002250	hg19/wgEncodeUwRepliSeq/wgEncodeUwRepliSeqBg02esS2PctSignalRep1.bigWig	ENCFF001GHO	S2	ENCSR226MSR
wgEncodeEH002250	hg19/wgEncodeUwRepliSeq/wgEncodeUwRepliSeqBg02esS2RawDataRep1.fastq.gz	ENCFF001GIE	S2	ENCSR226MSR
wgEncodeEH002250	hg19/wgEncodeUwRepliSeq/wgEncodeUwRepliSeqBg02esS3AlnRep1.bam	ENCFF001GHT	S3	ENCSR305ALH
wgEncodeEH002250	hg19/wgEncodeUwRepliSeq/wgEncodeUwRepliSeqBg02esS3PctSignalRep1.bigWig	ENCFF001GHS	S3	ENCSR305ALH
wgEncodeEH002250	hg19/wgEncodeUwRepliSeq/wgEncodeUwRepliSeqBg02esS3RawDataRep1.fastq.gz	ENCFF001GIF	S3	ENCSR305ALH
wgEncodeEH002250	hg19/wgEncodeUwRepliSeq/wgEncodeUwRepliSeqBg02esS4AlnRep1.bam	ENCFF001GHW	S4	ENCSR999NSK
wgEncodeEH002250	hg19/wgEncodeUwRepliSeq/wgEncodeUwRepliSeqBg02esS4PctSignalRep1.bigWig	ENCFF001GHV	S4	ENCSR999NSK
wgEncodeEH002250	hg19/wgEncodeUwRepliSeq/wgEncodeUwRepliSeqBg02esS4RawDataRep1.fastq.gz	ENCFF001GIG	S4	ENCSR999NSK
wgEncodeEH002250	hg19/wgEncodeUwRepliSeq/wgEncodeUwRepliSeqBg02esSumSignalRep1.bigWig	ENCFF001GHX		ENCSR579NVW
wgEncodeEH002250	hg19/wgEncodeUwRepliSeq/wgEncodeUwRepliSeqBg02esValleysRep1.bed.gz	ENCFF001XKG		ENCSR579NVW
wgEncodeEH002250	hg19/wgEncodeUwRepliSeq/wgEncodeUwRepliSeqBg02esValleysRep1.bigBed	ENCFF001GHY		ENCSR579NVW
wgEncodeEH002250	hg19/wgEncodeUwRepliSeq/wgEncodeUwRepliSeqBg02esWaveSignalRep1.bigWig	ENCFF001GHZ		ENCSR579NVW
wgEncodeEH002237	hg19/wgEncodeUwRepliSeq/wgEncodeUwRepliSeqGm06990G1bAlnRep1.bam	ENCFF001GJU	G1b	ENCSR000CXN
wgEncodeEH002237	hg19/wgEncodeUwRepliSeq/wgEncodeUwRepliSeqGm06990G1bPctSignalRep1.bigWig	ENCFF001GJT	G1b	ENCSR000CXN
wgEncodeEH002237	hg19/wgEncodeUwRepliSeq/wgEncodeUwRepliSeqGm06990G1bRawDataRep1.fastq.tgz.dir/UwStam_GM06990-1-DS9015-FC20DW3-3.fastq.gz	ENCFF001GJV	G1b	ENCSR000CXN
wgEncodeEH002237	hg19/wgEncodeUwRepliSeq/wgEncodeUwRepliSeqGm06990G1bRawDataRep1.fastq.tgz.dir/UwStam_GM06990-1-DS9015-FC30KFW-1.fastq.gz	ENCFF001GJW	G1b	ENCSR000CXN
wgEncodeEH002237	hg19/wgEncodeUwRepliSeq/wgEncodeUwRepliSeqGm06990G2AlnRep1.bam	ENCFF001GJZ	G2	ENCSR786XTV
wgEncodeEH002237	hg19/wgEncodeUwRepliSeq/wgEncodeUwRepliSeqGm06990G2PctSignalRep1.bigWig	ENCFF001GJX	G2	ENCSR786XTV
wgEncodeEH002237	hg19/wgEncodeUwRepliSeq/wgEncodeUwRepliSeqGm06990G2RawDataRep1.fastq.tgz.dir/UwStam_GM06990-1-DS9016-FC20DW3-4.fastq.gz	ENCFF001GKA	G2	ENCSR786XTV
wgEncodeEH002237	hg19/wgEncodeUwRepliSeq/wgEncodeUwRepliSeqGm06990G2RawDataRep1.fastq.tgz.dir/UwStam_GM06990-1-DS9016-FC30KFW-2.fastq.gz	ENCFF001GKB	G2	ENCSR786XTV
wgEncodeEH002237	hg19/wgEncodeUwRepliSeq/wgEncodeUwRepliSeqGm06990PkRep1.bed.gz	ENCFF001XKL		ENCSR579NVW
wgEncodeEH002237	hg19/wgEncodeUwRepliSeq/wgEncodeUwRepliSeqGm06990PkRep1.bigBed	ENCFF001GKC		ENCSR579NVW
wgEncodeEH002237	hg19/wgEncodeUwRepliSeq/wgEncodeUwRepliSeqGm06990S1AlnRep1.bam	ENCFF001GKG	S1	ENCSR648AAJ
wgEncodeEH002237	hg19/wgEncodeUwRepliSeq/wgEncodeUwRepliSeqGm06990S1PctSignalRep1.bigWig	ENCFF001GKD	S1	ENCSR648AAJ
wgEncodeEH002237	hg19/wgEncodeUwRepliSeq/wgEncodeUwRepliSeqGm06990S1RawDataRep1.fastq.tgz.dir/UwStam_GM06990-1-DS9017-FC20DW3-5.fastq.gz	ENCFF001GKE	S1	ENCSR648AAJ
wgEncodeEH002237	hg19/wgEncodeUwRepliSeq/wgEncodeUwRepliSeqGm06990S1RawDataRep1.fastq.tgz.dir/UwStam_GM06990-1-DS9017-FC30KFW-3.fastq.gz	ENCFF001GKF	S1	ENCSR648AAJ
wgEncodeEH002237	hg19/wgEncodeUwRepliSeq/wgEncodeUwRepliSeqGm06990S2AlnRep1.bam	ENCFF001GKI	S2	ENCSR319FPP
wgEncodeEH002237	hg19/wgEncodeUwRepliSeq/wgEncodeUwRepliSeqGm06990S2PctSignalRep1.bigWig	ENCFF001GKH	S2	ENCSR319FPP
wgEncodeEH002237	hg19/wgEncodeUwRepliSeq/wgEncodeUwRepliSeqGm06990S2RawDataRep1.fastq.tgz.dir/UwStam_GM06990-1-DS9018-FC20DW3-6.fastq.gz	ENCFF001GKJ	S2	ENCSR319FPP
wgEncodeEH002237	hg19/wgEncodeUwRepliSeq/wgEncodeUwRepliSeqGm06990S2RawDataRep1.fastq.tgz.dir/UwStam_GM06990-1-DS9018-FC30KFW-4.fastq.gz	ENCFF001GKK	S2	ENCSR319FPP
wgEncodeEH002237	hg19/wgEncodeUwRepliSeq/wgEncodeUwRepliSeqGm06990S3AlnRep1.bam	ENCFF001GKM	S3	ENCSR727SFT
wgEncodeEH002237	hg19/wgEncodeUwRepliSeq/wgEncodeUwRepliSeqGm06990S3PctSignalRep1.bigWig	ENCFF001GKL	S3	ENCSR727SFT
wgEncodeEH002237	hg19/wgEncodeUwRepliSeq/wgEncodeUwRepliSeqGm06990S3RawDataRep1.fastq.tgz.dir/UwStam_GM06990-1-DS9019-FC20DW3-7.fastq.gz	ENCFF001GKN	S3	ENCSR727SFT
wgEncodeEH002237	hg19/wgEncodeUwRepliSeq/wgEncodeUwRepliSeqGm06990S3RawDataRep1.fastq.tgz.dir/UwStam_GM06990-1-DS9019-FC30KFW-5.fastq.gz	ENCFF001GKO	S3	ENCSR727SFT
wgEncodeEH002237	hg19/wgEncodeUwRepliSeq/wgEncodeUwRepliSeqGm06990S4AlnRep1.bam	ENCFF001GKQ	S4	ENCSR501KRO
wgEncodeEH002237	hg19/wgEncodeUwRepliSeq/wgEncodeUwRepliSeqGm06990S4PctSignalRep1.bigWig	ENCFF001GKP	S4	ENCSR501KRO
wgEncodeEH002237	hg19/wgEncodeUwRepliSeq/wgEncodeUwRepliSeqGm06990S4RawDataRep1.fastq.tgz.dir/UwStam_GM06990-1-DS9020-FC20ENP-4.fastq.gz	ENCFF001GKR	S4	ENCSR501KRO
wgEncodeEH002237	hg19/wgEncodeUwRepliSeq/wgEncodeUwRepliSeqGm06990S4RawDataRep1.fastq.tgz.dir/UwStam_GM06990-1-DS9020-FC30KFW-6.fastq.gz	ENCFF001GKS	S4	ENCSR501KRO
wgEncodeEH002237	hg19/wgEncodeUwRepliSeq/wgEncodeUwRepliSeqGm06990SumSignalRep1.bigWig	ENCFF001GKT		ENCSR579NVW
wgEncodeEH002237	hg19/wgEncodeUwRepliSeq/wgEncodeUwRepliSeqGm06990ValleysRep1.bed.gz	ENCFF001XKM		ENCSR579NVW
wgEncodeEH002237	hg19/wgEncodeUwRepliSeq/wgEncodeUwRepliSeqGm06990ValleysRep1.bigBed	ENCFF001GKU		ENCSR579NVW
wgEncodeEH002237	hg19/wgEncodeUwRepliSeq/wgEncodeUwRepliSeqGm06990WaveSignalRep1.bigWig	ENCFF001GKV		ENCSR579NVW
wgEncodeEH002238	hg19/wgEncodeUwRepliSeq/wgEncodeUwRepliSeqGm12801G1bAlnRep1.bam	ENCFF001GKW	G1b	ENCSR000CXM
wgEncodeEH002238	hg19/wgEncodeUwRepliSeq/wgEncodeUwRepliSeqGm12801G1bPctSignalRep1.bigWig	ENCFF001GKX	G1b	ENCSR000CXM
wgEncodeEH002238	hg19/wgEncodeUwRepliSeq/wgEncodeUwRepliSeqGm12801G1bRawDataRep1.fastq.gz	ENCFF001GLI	G1b	ENCSR000CXM
wgEncodeEH002238	hg19/wgEncodeUwRepliSeq/wgEncodeUwRepliSeqGm12801G2AlnRep1.bam	ENCFF001GKZ	G2	ENCSR621SSH
wgEncodeEH002238	hg19/wgEncodeUwRepliSeq/wgEncodeUwRepliSeqGm12801G2PctSignalRep1.bigWig	ENCFF001GKY	G2	ENCSR621SSH
wgEncodeEH002238	hg19/wgEncodeUwRepliSeq/wgEncodeUwRepliSeqGm12801G2RawDataRep1.fastq.gz	ENCFF001GLL	G2	ENCSR621SSH
wgEncodeEH002238	hg19/wgEncodeUwRepliSeq/wgEncodeUwRepliSeqGm12801PkRep1.bed.gz	ENCFF001XKN		ENCSR579NVW
wgEncodeEH002238	hg19/wgEncodeUwRepliSeq/wgEncodeUwRepliSeqGm12801PkRep1.bigBed	ENCFF001GLA		ENCSR579NVW
wgEncodeEH002238	hg19/wgEncodeUwRepliSeq/wgEncodeUwRepliSeqGm12801S1AlnRep1.bam	ENCFF001GLB	S1	ENCSR808TIZ
wgEncodeEH002238	hg19/wgEncodeUwRepliSeq/wgEncodeUwRepliSeqGm12801S1PctSignalRep1.bigWig	ENCFF001GLC	S1	ENCSR808TIZ
wgEncodeEH002238	hg19/wgEncodeUwRepliSeq/wgEncodeUwRepliSeqGm12801S1RawDataRep1.fastq.gz	ENCFF001GLN	S1	ENCSR808TIZ
wgEncodeEH002238	hg19/wgEncodeUwRepliSeq/wgEncodeUwRepliSeqGm12801S2AlnRep1.bam	ENCFF001GLF	S2	ENCSR163QSU
wgEncodeEH002238	hg19/wgEncodeUwRepliSeq/wgEncodeUwRepliSeqGm12801S2PctSignalRep1.bigWig	ENCFF001GLE	S2	ENCSR163QSU
wgEncodeEH002238	hg19/wgEncodeUwRepliSeq/wgEncodeUwRepliSeqGm12801S2RawDataRep1.fastq.gz	ENCFF001GLO	S2	ENCSR163QSU
wgEncodeEH002238	hg19/wgEncodeUwRepliSeq/wgEncodeUwRepliSeqGm12801S3AlnRep1.bam	ENCFF001GLG	S3	ENCSR843VBL
wgEncodeEH002238	hg19/wgEncodeUwRepliSeq/wgEncodeUwRepliSeqGm12801S3PctSignalRep1.bigWig	ENCFF001GLH	S3	ENCSR843VBL
wgEncodeEH002238	hg19/wgEncodeUwRepliSeq/wgEncodeUwRepliSeqGm12801S3RawDataRep1.fastq.gz	ENCFF001GLU	S3	ENCSR843VBL
wgEncodeEH002238	hg19/wgEncodeUwRepliSeq/wgEncodeUwRepliSeqGm12801S4AlnRep1.bam	ENCFF001GLJ	S4	ENCSR884JTU
wgEncodeEH002238	hg19/wgEncodeUwRepliSeq/wgEncodeUwRepliSeqGm12801S4PctSignalRep1.bigWig	ENCFF001GLK	S4	ENCSR884JTU
wgEncodeEH002238	hg19/wgEncodeUwRepliSeq/wgEncodeUwRepliSeqGm12801S4RawDataRep1.fastq.gz	ENCFF001GMB	S4	ENCSR884JTU
wgEncodeEH002238	hg19/wgEncodeUwRepliSeq/wgEncodeUwRepliSeqGm12801SumSignalRep1.bigWig	ENCFF001GLM		ENCSR579NVW
wgEncodeEH002238	hg19/wgEncodeUwRepliSeq/wgEncodeUwRepliSeqGm12801ValleysRep1.bed.gz	ENCFF001XKO		ENCSR579NVW
wgEncodeEH002238	hg19/wgEncodeUwRepliSeq/wgEncodeUwRepliSeqGm12801ValleysRep1.bigBed	ENCFF001GLP		ENCSR579NVW
wgEncodeEH002238	hg19/wgEncodeUwRepliSeq/wgEncodeUwRepliSeqGm12801WaveSignalRep1.bigWig	ENCFF001GLQ		ENCSR579NVW
wgEncodeEH002239	hg19/wgEncodeUwRepliSeq/wgEncodeUwRepliSeqGm12812G1bAlnRep1.bam	ENCFF001GLR	G1b	ENCSR000CXL
wgEncodeEH002239	hg19/wgEncodeUwRepliSeq/wgEncodeUwRepliSeqGm12812G1bPctSignalRep1.bigWig	ENCFF001GLS	G1b	ENCSR000CXL
wgEncodeEH002239	hg19/wgEncodeUwRepliSeq/wgEncodeUwRepliSeqGm12812G1bRawDataRep1.fastq.gz	ENCFF001GME	G1b	ENCSR000CXL
wgEncodeEH002239	hg19/wgEncodeUwRepliSeq/wgEncodeUwRepliSeqGm12812G2AlnRep1.bam	ENCFF001GLT	G2	ENCSR628ZAK
wgEncodeEH002239	hg19/wgEncodeUwRepliSeq/wgEncodeUwRepliSeqGm12812G2PctSignalRep1.bigWig	ENCFF001GLV	G2	ENCSR628ZAK
wgEncodeEH002239	hg19/wgEncodeUwRepliSeq/wgEncodeUwRepliSeqGm12812G2RawDataRep1.fastq.gz	ENCFF001GMI	G2	ENCSR628ZAK
wgEncodeEH002239	hg19/wgEncodeUwRepliSeq/wgEncodeUwRepliSeqGm12812PkRep1.bed.gz	ENCFF001XKP		ENCSR579NVW
wgEncodeEH002239	hg19/wgEncodeUwRepliSeq/wgEncodeUwRepliSeqGm12812PkRep1.bigBed	ENCFF001GLW		ENCSR579NVW
wgEncodeEH002239	hg19/wgEncodeUwRepliSeq/wgEncodeUwRepliSeqGm12812S1AlnRep1.bam	ENCFF001GLX	S1	ENCSR508MZH
wgEncodeEH002239	hg19/wgEncodeUwRepliSeq/wgEncodeUwRepliSeqGm12812S1PctSignalRep1.bigWig	ENCFF001GLY	S1	ENCSR508MZH
wgEncodeEH002239	hg19/wgEncodeUwRepliSeq/wgEncodeUwRepliSeqGm12812S1RawDataRep1.fastq.gz	ENCFF001GMF	S1	ENCSR508MZH
wgEncodeEH002239	hg19/wgEncodeUwRepliSeq/wgEncodeUwRepliSeqGm12812S2AlnRep1.bam	ENCFF001GLZ	S2	ENCSR281KLF
wgEncodeEH002239	hg19/wgEncodeUwRepliSeq/wgEncodeUwRepliSeqGm12812S2PctSignalRep1.bigWig	ENCFF001GMA	S2	ENCSR281KLF
wgEncodeEH002239	hg19/wgEncodeUwRepliSeq/wgEncodeUwRepliSeqGm12812S2RawDataRep1.fastq.gz	ENCFF001GMJ	S2	ENCSR281KLF
wgEncodeEH002239	hg19/wgEncodeUwRepliSeq/wgEncodeUwRepliSeqGm12812S3AlnRep1.bam	ENCFF001GMC	S3	ENCSR203LWG
wgEncodeEH002239	hg19/wgEncodeUwRepliSeq/wgEncodeUwRepliSeqGm12812S3PctSignalRep1.bigWig	ENCFF001GMD	S3	ENCSR203LWG
wgEncodeEH002239	hg19/wgEncodeUwRepliSeq/wgEncodeUwRepliSeqGm12812S3RawDataRep1.fastq.gz	ENCFF001GMQ	S3	ENCSR203LWG
wgEncodeEH002239	hg19/wgEncodeUwRepliSeq/wgEncodeUwRepliSeqGm12812S4AlnRep1.bam	ENCFF001GMH	S4	ENCSR663BEV
wgEncodeEH002239	hg19/wgEncodeUwRepliSeq/wgEncodeUwRepliSeqGm12812S4PctSignalRep1.bigWig	ENCFF001GMG	S4	ENCSR663BEV
wgEncodeEH002239	hg19/wgEncodeUwRepliSeq/wgEncodeUwRepliSeqGm12812S4RawDataRep1.fastq.gz	ENCFF001GMS	S4	ENCSR663BEV
wgEncodeEH002239	hg19/wgEncodeUwRepliSeq/wgEncodeUwRepliSeqGm12812SumSignalRep1.bigWig	ENCFF001GMK		ENCSR579NVW
wgEncodeEH002239	hg19/wgEncodeUwRepliSeq/wgEncodeUwRepliSeqGm12812ValleysRep1.bed.gz	ENCFF001XKQ		ENCSR579NVW
wgEncodeEH002239	hg19/wgEncodeUwRepliSeq/wgEncodeUwRepliSeqGm12812ValleysRep1.bigBed	ENCFF001GML		ENCSR579NVW
wgEncodeEH002239	hg19/wgEncodeUwRepliSeq/wgEncodeUwRepliSeqGm12812WaveSignalRep1.bigWig	ENCFF001GMM		ENCSR579NVW
wgEncodeEH002240	hg19/wgEncodeUwRepliSeq/wgEncodeUwRepliSeqGm12813G1bAlnRep1.bam	ENCFF001GMN	G1b	ENCSR000CXK
wgEncodeEH002240	hg19/wgEncodeUwRepliSeq/wgEncodeUwRepliSeqGm12813G1bPctSignalRep1.bigWig	ENCFF001GMO	G1b	ENCSR000CXK
wgEncodeEH002240	hg19/wgEncodeUwRepliSeq/wgEncodeUwRepliSeqGm12813G1bRawDataRep1.fastq.gz	ENCFF001GNE	G1b	ENCSR000CXK
wgEncodeEH002240	hg19/wgEncodeUwRepliSeq/wgEncodeUwRepliSeqGm12813G2AlnRep1.bam	ENCFF001GMP	G2	ENCSR834FTN
wgEncodeEH002240	hg19/wgEncodeUwRepliSeq/wgEncodeUwRepliSeqGm12813G2PctSignalRep1.bigWig	ENCFF001GMR	G2	ENCSR834FTN
wgEncodeEH002240	hg19/wgEncodeUwRepliSeq/wgEncodeUwRepliSeqGm12813G2RawDataRep1.fastq.gz	ENCFF001GNF	G2	ENCSR834FTN
wgEncodeEH002240	hg19/wgEncodeUwRepliSeq/wgEncodeUwRepliSeqGm12813PkRep1.bed.gz	ENCFF001XKR		ENCSR579NVW
wgEncodeEH002240	hg19/wgEncodeUwRepliSeq/wgEncodeUwRepliSeqGm12813PkRep1.bigBed	ENCFF001GMT		ENCSR579NVW
wgEncodeEH002240	hg19/wgEncodeUwRepliSeq/wgEncodeUwRepliSeqGm12813S1AlnRep1.bam	ENCFF001GMV	S1	ENCSR356ETW
wgEncodeEH002240	hg19/wgEncodeUwRepliSeq/wgEncodeUwRepliSeqGm12813S1PctSignalRep1.bigWig	ENCFF001GMU	S1	ENCSR356ETW
wgEncodeEH002240	hg19/wgEncodeUwRepliSeq/wgEncodeUwRepliSeqGm12813S1RawDataRep1.fastq.gz	ENCFF001GNL	S1	ENCSR356ETW
wgEncodeEH002240	hg19/wgEncodeUwRepliSeq/wgEncodeUwRepliSeqGm12813S2AlnRep1.bam	ENCFF001GMW	S2	ENCSR547MKY
wgEncodeEH002240	hg19/wgEncodeUwRepliSeq/wgEncodeUwRepliSeqGm12813S2PctSignalRep1.bigWig	ENCFF001GMX	S2	ENCSR547MKY
wgEncodeEH002240	hg19/wgEncodeUwRepliSeq/wgEncodeUwRepliSeqGm12813S2RawDataRep1.fastq.gz	ENCFF001GNM	S2	ENCSR547MKY
wgEncodeEH002240	hg19/wgEncodeUwRepliSeq/wgEncodeUwRepliSeqGm12813S3AlnRep1.bam	ENCFF001GMY	S3	ENCSR984RDT
wgEncodeEH002240	hg19/wgEncodeUwRepliSeq/wgEncodeUwRepliSeqGm12813S3PctSignalRep1.bigWig	ENCFF001GMZ	S3	ENCSR984RDT
wgEncodeEH002240	hg19/wgEncodeUwRepliSeq/wgEncodeUwRepliSeqGm12813S3RawDataRep1.fastq.tgz.dir/UwStam_GM12813-1-DS9831-FC427ND-6.fastq.gz	ENCFF001GNA	S3	ENCSR984RDT
wgEncodeEH002240	hg19/wgEncodeUwRepliSeq/wgEncodeUwRepliSeqGm12813S3RawDataRep1.fastq.tgz.dir/UwStam_GM12813-1-DS9831-FC42APJ-7.fastq.gz	ENCFF001GNB	S3	ENCSR984RDT
wgEncodeEH002240	hg19/wgEncodeUwRepliSeq/wgEncodeUwRepliSeqGm12813S4AlnRep1.bam	ENCFF001GNC	S4	ENCSR280SOU
wgEncodeEH002240	hg19/wgEncodeUwRepliSeq/wgEncodeUwRepliSeqGm12813S4PctSignalRep1.bigWig	ENCFF001GND	S4	ENCSR280SOU
wgEncodeEH002240	hg19/wgEncodeUwRepliSeq/wgEncodeUwRepliSeqGm12813S4RawDataRep1.fastq.gz	ENCFF001GNV	S4	ENCSR280SOU
wgEncodeEH002240	hg19/wgEncodeUwRepliSeq/wgEncodeUwRepliSeqGm12813SumSignalRep1.bigWig	ENCFF001GNG		ENCSR579NVW
wgEncodeEH002240	hg19/wgEncodeUwRepliSeq/wgEncodeUwRepliSeqGm12813ValleysRep1.bed.gz	ENCFF001XKS		ENCSR579NVW
wgEncodeEH002240	hg19/wgEncodeUwRepliSeq/wgEncodeUwRepliSeqGm12813ValleysRep1.bigBed	ENCFF001GNH		ENCSR579NVW
wgEncodeEH002240	hg19/wgEncodeUwRepliSeq/wgEncodeUwRepliSeqGm12813WaveSignalRep1.bigWig	ENCFF001GNI		ENCSR579NVW
wgEncodeEH002241	hg19/wgEncodeUwRepliSeq/wgEncodeUwRepliSeqGm12878G1bAlnRep1.bam	ENCFF001GNJ	G1b	ENCSR000CXJ
wgEncodeEH002241	hg19/wgEncodeUwRepliSeq/wgEncodeUwRepliSeqGm12878G1bPctSignalRep1.bigWig	ENCFF001GNK	G1b	ENCSR000CXJ
wgEncodeEH002241	hg19/wgEncodeUwRepliSeq/wgEncodeUwRepliSeqGm12878G1bRawDataRep1.fastq.gz	ENCFF001GNU	G1b	ENCSR000CXJ
wgEncodeEH002241	hg19/wgEncodeUwRepliSeq/wgEncodeUwRepliSeqGm12878G2AlnRep1.bam	ENCFF001GNO	G2	ENCSR703BOK
wgEncodeEH002241	hg19/wgEncodeUwRepliSeq/wgEncodeUwRepliSeqGm12878G2PctSignalRep1.bigWig	ENCFF001GNN	G2	ENCSR703BOK
wgEncodeEH002241	hg19/wgEncodeUwRepliSeq/wgEncodeUwRepliSeqGm12878G2RawDataRep1.fastq.gz	ENCFF001GOB	G2	ENCSR703BOK
wgEncodeEH002241	hg19/wgEncodeUwRepliSeq/wgEncodeUwRepliSeqGm12878PkRep1.bed.gz	ENCFF001XKT		ENCSR579NVW
wgEncodeEH002241	hg19/wgEncodeUwRepliSeq/wgEncodeUwRepliSeqGm12878PkRep1.bigBed	ENCFF001GNP		ENCSR579NVW
wgEncodeEH002241	hg19/wgEncodeUwRepliSeq/wgEncodeUwRepliSeqGm12878S1AlnRep1.bam	ENCFF001GNQ	S1	ENCSR025TZP
wgEncodeEH002241	hg19/wgEncodeUwRepliSeq/wgEncodeUwRepliSeqGm12878S1PctSignalRep1.bigWig	ENCFF001GNR	S1	ENCSR025TZP
wgEncodeEH002241	hg19/wgEncodeUwRepliSeq/wgEncodeUwRepliSeqGm12878S1RawDataRep1.fastq.gz	ENCFF001GNY	S1	ENCSR025TZP
wgEncodeEH002241	hg19/wgEncodeUwRepliSeq/wgEncodeUwRepliSeqGm12878S2AlnRep1.bam	ENCFF001GNS	S2	ENCSR849LEC
wgEncodeEH002241	hg19/wgEncodeUwRepliSeq/wgEncodeUwRepliSeqGm12878S2PctSignalRep1.bigWig	ENCFF001GNT	S2	ENCSR849LEC
wgEncodeEH002241	hg19/wgEncodeUwRepliSeq/wgEncodeUwRepliSeqGm12878S2RawDataRep1.fastq.gz	ENCFF001GOG	S2	ENCSR849LEC
wgEncodeEH002241	hg19/wgEncodeUwRepliSeq/wgEncodeUwRepliSeqGm12878S3AlnRep1.bam	ENCFF001GNW	S3	ENCSR214GWY
wgEncodeEH002241	hg19/wgEncodeUwRepliSeq/wgEncodeUwRepliSeqGm12878S3PctSignalRep1.bigWig	ENCFF001GNX	S3	ENCSR214GWY
wgEncodeEH002241	hg19/wgEncodeUwRepliSeq/wgEncodeUwRepliSeqGm12878S3RawDataRep1.fastq.gz	ENCFF001GOM	S3	ENCSR214GWY
wgEncodeEH002241	hg19/wgEncodeUwRepliSeq/wgEncodeUwRepliSeqGm12878S4AlnRep1.bam	ENCFF001GNZ	S4	ENCSR257NBQ
wgEncodeEH002241	hg19/wgEncodeUwRepliSeq/wgEncodeUwRepliSeqGm12878S4PctSignalRep1.bigWig	ENCFF001GOA	S4	ENCSR257NBQ
wgEncodeEH002241	hg19/wgEncodeUwRepliSeq/wgEncodeUwRepliSeqGm12878S4RawDataRep1.fastq.gz	ENCFF001GOO	S4	ENCSR257NBQ
wgEncodeEH002241	hg19/wgEncodeUwRepliSeq/wgEncodeUwRepliSeqGm12878SumSignalRep1.bigWig	ENCFF001GOC		ENCSR579NVW
wgEncodeEH002241	hg19/wgEncodeUwRepliSeq/wgEncodeUwRepliSeqGm12878ValleysRep1.bed.gz	ENCFF001XKU		ENCSR579NVW
wgEncodeEH002241	hg19/wgEncodeUwRepliSeq/wgEncodeUwRepliSeqGm12878ValleysRep1.bigBed	ENCFF001GOD		ENCSR579NVW
wgEncodeEH002241	hg19/wgEncodeUwRepliSeq/wgEncodeUwRepliSeqGm12878WaveSignalRep1.bigWig	ENCFF001GOE		ENCSR579NVW
wgEncodeEH002243	hg19/wgEncodeUwRepliSeq/wgEncodeUwRepliSeqHelas3G1bAlnRep1.bam	ENCFF001GOF	G1b	ENCSR000CXH
wgEncodeEH002243	hg19/wgEncodeUwRepliSeq/wgEncodeUwRepliSeqHelas3G1bPctSignalRep1.bigWig	ENCFF001GOH	G1b	ENCSR000CXH
wgEncodeEH002243	hg19/wgEncodeUwRepliSeq/wgEncodeUwRepliSeqHelas3G1bRawDataRep1.fastq.gz	ENCFF001GOU	G1b	ENCSR000CXH
wgEncodeEH002243	hg19/wgEncodeUwRepliSeq/wgEncodeUwRepliSeqHelas3G2AlnRep1.bam	ENCFF001GOI	G2	ENCSR098AZD
wgEncodeEH002243	hg19/wgEncodeUwRepliSeq/wgEncodeUwRepliSeqHelas3G2PctSignalRep1.bigWig	ENCFF001GOJ	G2	ENCSR098AZD
wgEncodeEH002243	hg19/wgEncodeUwRepliSeq/wgEncodeUwRepliSeqHelas3G2RawDataRep1.fastq.gz	ENCFF001GOT	G2	ENCSR098AZD
wgEncodeEH002243	hg19/wgEncodeUwRepliSeq/wgEncodeUwRepliSeqHelas3PkRep1.bed.gz	ENCFF001XKV		ENCSR579NVW
wgEncodeEH002243	hg19/wgEncodeUwRepliSeq/wgEncodeUwRepliSeqHelas3PkRep1.bigBed	ENCFF001GOK		ENCSR579NVW
wgEncodeEH002243	hg19/wgEncodeUwRepliSeq/wgEncodeUwRepliSeqHelas3S1AlnRep1.bam	ENCFF001GOL	S1	ENCSR811MTR
wgEncodeEH002243	hg19/wgEncodeUwRepliSeq/wgEncodeUwRepliSeqHelas3S1PctSignalRep1.bigWig	ENCFF001GON	S1	ENCSR811MTR
wgEncodeEH002243	hg19/wgEncodeUwRepliSeq/wgEncodeUwRepliSeqHelas3S1RawDataRep1.fastq.gz	ENCFF001GOX	S1	ENCSR811MTR
wgEncodeEH002243	hg19/wgEncodeUwRepliSeq/wgEncodeUwRepliSeqHelas3S2AlnRep1.bam	ENCFF001GOP	S2	ENCSR789SBW
wgEncodeEH002243	hg19/wgEncodeUwRepliSeq/wgEncodeUwRepliSeqHelas3S2PctSignalRep1.bigWig	ENCFF001GOQ	S2	ENCSR789SBW
wgEncodeEH002243	hg19/wgEncodeUwRepliSeq/wgEncodeUwRepliSeqHelas3S2RawDataRep1.fastq.gz	ENCFF001GOV	S2	ENCSR789SBW
wgEncodeEH002243	hg19/wgEncodeUwRepliSeq/wgEncodeUwRepliSeqHelas3S3AlnRep1.bam	ENCFF001GOR	S3	ENCSR628LNL
wgEncodeEH002243	hg19/wgEncodeUwRepliSeq/wgEncodeUwRepliSeqHelas3S3PctSignalRep1.bigWig	ENCFF001GOS	S3	ENCSR628LNL
wgEncodeEH002243	hg19/wgEncodeUwRepliSeq/wgEncodeUwRepliSeqHelas3S3RawDataRep1.fastq.gz	ENCFF001GPT	S3	ENCSR628LNL
wgEncodeEH002243	hg19/wgEncodeUwRepliSeq/wgEncodeUwRepliSeqHelas3S4AlnRep1.bam	ENCFF001GOY	S4	ENCSR441OPI
wgEncodeEH002243	hg19/wgEncodeUwRepliSeq/wgEncodeUwRepliSeqHelas3S4PctSignalRep1.bigWig	ENCFF001GOW	S4	ENCSR441OPI
wgEncodeEH002243	hg19/wgEncodeUwRepliSeq/wgEncodeUwRepliSeqHelas3S4RawDataRep1.fastq.gz	ENCFF001GPS	S4	ENCSR441OPI
wgEncodeEH002243	hg19/wgEncodeUwRepliSeq/wgEncodeUwRepliSeqHelas3SumSignalRep1.bigWig	ENCFF001GOZ		ENCSR579NVW
wgEncodeEH002243	hg19/wgEncodeUwRepliSeq/wgEncodeUwRepliSeqHelas3ValleysRep1.bed.gz	ENCFF001XKW		ENCSR579NVW
wgEncodeEH002243	hg19/wgEncodeUwRepliSeq/wgEncodeUwRepliSeqHelas3ValleysRep1.bigBed	ENCFF001GPA		ENCSR579NVW
wgEncodeEH002243	hg19/wgEncodeUwRepliSeq/wgEncodeUwRepliSeqHelas3WaveSignalRep1.bigWig	ENCFF001GPB		ENCSR579NVW
wgEncodeEH002244	hg19/wgEncodeUwRepliSeq/wgEncodeUwRepliSeqHepg2G1bAlnRep1.bam	ENCFF001GPD	G1b	ENCSR000CXG
wgEncodeEH002244	hg19/wgEncodeUwRepliSeq/wgEncodeUwRepliSeqHepg2G1bPctSignalRep1.bigWig	ENCFF001GPC	G1b	ENCSR000CXG
wgEncodeEH002244	hg19/wgEncodeUwRepliSeq/wgEncodeUwRepliSeqHepg2G1bRawDataRep1.fastq.gz	ENCFF001GQG	G1b	ENCSR000CXG
wgEncodeEH002244	hg19/wgEncodeUwRepliSeq/wgEncodeUwRepliSeqHepg2G2AlnRep1.bam	ENCFF001GPE	G2	ENCSR216KAB
wgEncodeEH002244	hg19/wgEncodeUwRepliSeq/wgEncodeUwRepliSeqHepg2G2PctSignalRep1.bigWig	ENCFF001GPF	G2	ENCSR216KAB
wgEncodeEH002244	hg19/wgEncodeUwRepliSeq/wgEncodeUwRepliSeqHepg2G2RawDataRep1.fastq.tgz.dir/UwStam_HepG2-1-DS19718-FCB0AEA-L001_R1_001.fastq.gz	ENCFF001GPG	G2	ENCSR216KAB
wgEncodeEH002244	hg19/wgEncodeUwRepliSeq/wgEncodeUwRepliSeqHepg2G2RawDataRep1.fastq.tgz.dir/UwStam_HepG2-1-DS19718-FCB0AEA-L001_R1_002.fastq.gz	ENCFF001GPH	G2	ENCSR216KAB
wgEncodeEH002244	hg19/wgEncodeUwRepliSeq/wgEncodeUwRepliSeqHepg2PkRep1.bed.gz	ENCFF001XKX		ENCSR579NVW
wgEncodeEH002244	hg19/wgEncodeUwRepliSeq/wgEncodeUwRepliSeqHepg2PkRep1.bigBed	ENCFF001GPI		ENCSR579NVW
wgEncodeEH002244	hg19/wgEncodeUwRepliSeq/wgEncodeUwRepliSeqHepg2S1AlnRep1.bam	ENCFF001GPJ	S1	ENCSR911SCA
wgEncodeEH002244	hg19/wgEncodeUwRepliSeq/wgEncodeUwRepliSeqHepg2S1PctSignalRep1.bigWig	ENCFF001GPK	S1	ENCSR911SCA
wgEncodeEH002244	hg19/wgEncodeUwRepliSeq/wgEncodeUwRepliSeqHepg2S1RawDataRep1.fastq.tgz.dir/UwStam_HepG2-1-DS19719-FCB0AEA-L001_R1_001.fastq.gz	ENCFF001GPL	S1	ENCSR911SCA
wgEncodeEH002244	hg19/wgEncodeUwRepliSeq/wgEncodeUwRepliSeqHepg2S1RawDataRep1.fastq.tgz.dir/UwStam_HepG2-1-DS19719-FCB0AEA-L001_R1_002.fastq.gz	ENCFF001GPM	S1	ENCSR911SCA
wgEncodeEH002244	hg19/wgEncodeUwRepliSeq/wgEncodeUwRepliSeqHepg2S2AlnRep1.bam	ENCFF001GPN	S2	ENCSR835JVR
wgEncodeEH002244	hg19/wgEncodeUwRepliSeq/wgEncodeUwRepliSeqHepg2S2PctSignalRep1.bigWig	ENCFF001GPO	S2	ENCSR835JVR
wgEncodeEH002244	hg19/wgEncodeUwRepliSeq/wgEncodeUwRepliSeqHepg2S2RawDataRep1.fastq.tgz.dir/UwStam_HepG2-1-DS19720-FCB0AEA-L001_R1_001.fastq.gz	ENCFF001GPP	S2	ENCSR835JVR
wgEncodeEH002244	hg19/wgEncodeUwRepliSeq/wgEncodeUwRepliSeqHepg2S2RawDataRep1.fastq.tgz.dir/UwStam_HepG2-1-DS19720-FCB0AEA-L001_R1_002.fastq.gz	ENCFF001GPQ	S2	ENCSR835JVR
wgEncodeEH002244	hg19/wgEncodeUwRepliSeq/wgEncodeUwRepliSeqHepg2S3AlnRep1.bam	ENCFF001GPR	S3	ENCSR345QON
wgEncodeEH002244	hg19/wgEncodeUwRepliSeq/wgEncodeUwRepliSeqHepg2S3PctSignalRep1.bigWig	ENCFF001GPU	S3	ENCSR345QON
wgEncodeEH002244	hg19/wgEncodeUwRepliSeq/wgEncodeUwRepliSeqHepg2S3RawDataRep1.fastq.tgz.dir/UwStam_HepG2-1-DS19721-FCB0AEA-L001_R1_001.fastq.gz	ENCFF001GPV	S3	ENCSR345QON
wgEncodeEH002244	hg19/wgEncodeUwRepliSeq/wgEncodeUwRepliSeqHepg2S3RawDataRep1.fastq.tgz.dir/UwStam_HepG2-1-DS19721-FCB0AEA-L001_R1_002.fastq.gz	ENCFF001GPW	S3	ENCSR345QON
wgEncodeEH002244	hg19/wgEncodeUwRepliSeq/wgEncodeUwRepliSeqHepg2S4AlnRep1.bam	ENCFF001GQB	S4	ENCSR109NSK
wgEncodeEH002244	hg19/wgEncodeUwRepliSeq/wgEncodeUwRepliSeqHepg2S4PctSignalRep1.bigWig	ENCFF001GPX	S4	ENCSR109NSK
wgEncodeEH002244	hg19/wgEncodeUwRepliSeq/wgEncodeUwRepliSeqHepg2S4RawDataRep1.fastq.tgz.dir/UwStam_HepG2-1-DS19722-FCB0AEA-L001_R1_001.fastq.gz	ENCFF001GPY	S4	ENCSR109NSK
wgEncodeEH002244	hg19/wgEncodeUwRepliSeq/wgEncodeUwRepliSeqHepg2S4RawDataRep1.fastq.tgz.dir/UwStam_HepG2-1-DS19722-FCB0AEA-L001_R1_002.fastq.gz	ENCFF001GPZ	S4	ENCSR109NSK
wgEncodeEH002244	hg19/wgEncodeUwRepliSeq/wgEncodeUwRepliSeqHepg2SumSignalRep1.bigWig	ENCFF001GQA		ENCSR579NVW
wgEncodeEH002244	hg19/wgEncodeUwRepliSeq/wgEncodeUwRepliSeqHepg2ValleysRep1.bed.gz	ENCFF001XKY		ENCSR579NVW
wgEncodeEH002244	hg19/wgEncodeUwRepliSeq/wgEncodeUwRepliSeqHepg2ValleysRep1.bigBed	ENCFF001GQC		ENCSR579NVW
wgEncodeEH002244	hg19/wgEncodeUwRepliSeq/wgEncodeUwRepliSeqHepg2WaveSignalRep1.bigWig	ENCFF001GQD		ENCSR579NVW
wgEncodeEH002242	hg19/wgEncodeUwRepliSeq/wgEncodeUwRepliSeqHuvecG1bAlnRep1.bam	ENCFF001GQF	G1b	ENCSR000CXI
wgEncodeEH002242	hg19/wgEncodeUwRepliSeq/wgEncodeUwRepliSeqHuvecG1bPctSignalRep1.bigWig	ENCFF001GQE	G1b	ENCSR000CXI
wgEncodeEH002242	hg19/wgEncodeUwRepliSeq/wgEncodeUwRepliSeqHuvecG1bRawDataRep1.fastq.gz	ENCFF001GQY	G1b	ENCSR000CXI
wgEncodeEH002242	hg19/wgEncodeUwRepliSeq/wgEncodeUwRepliSeqHuvecG2AlnRep1.bam	ENCFF001GQL	G2	ENCSR331IKA
wgEncodeEH002242	hg19/wgEncodeUwRepliSeq/wgEncodeUwRepliSeqHuvecG2PctSignalRep1.bigWig	ENCFF001GQH	G2	ENCSR331IKA
wgEncodeEH002242	hg19/wgEncodeUwRepliSeq/wgEncodeUwRepliSeqHuvecG2RawDataRep1.fastq.tgz.dir/UwStam_HUVEC-1-DS9852-FC42WEA-1.fastq.gz	ENCFF001GQI	G2	ENCSR331IKA
wgEncodeEH002242	hg19/wgEncodeUwRepliSeq/wgEncodeUwRepliSeqHuvecG2RawDataRep1.fastq.tgz.dir/UwStam_HUVEC-1-DS9852-FC431WK-3.fastq.gz	ENCFF001GQJ	G2	ENCSR331IKA
wgEncodeEH002242	hg19/wgEncodeUwRepliSeq/wgEncodeUwRepliSeqHuvecPkRep1.bed.gz	ENCFF001XKZ		ENCSR579NVW
wgEncodeEH002242	hg19/wgEncodeUwRepliSeq/wgEncodeUwRepliSeqHuvecPkRep1.bigBed	ENCFF001GQK		ENCSR579NVW
wgEncodeEH002242	hg19/wgEncodeUwRepliSeq/wgEncodeUwRepliSeqHuvecS1AlnRep1.bam	ENCFF001GQN	S1	ENCSR420LJO
wgEncodeEH002242	hg19/wgEncodeUwRepliSeq/wgEncodeUwRepliSeqHuvecS1PctSignalRep1.bigWig	ENCFF001GQM	S1	ENCSR420LJO
wgEncodeEH002242	hg19/wgEncodeUwRepliSeq/wgEncodeUwRepliSeqHuvecS1RawDataRep1.fastq.gz	ENCFF001GRB	S1	ENCSR420LJO
wgEncodeEH002242	hg19/wgEncodeUwRepliSeq/wgEncodeUwRepliSeqHuvecS2AlnRep1.bam	ENCFF001GQP	S2	ENCSR772AGI
wgEncodeEH002242	hg19/wgEncodeUwRepliSeq/wgEncodeUwRepliSeqHuvecS2PctSignalRep1.bigWig	ENCFF001GQO	S2	ENCSR772AGI
wgEncodeEH002242	hg19/wgEncodeUwRepliSeq/wgEncodeUwRepliSeqHuvecS2RawDataRep1.fastq.gz	ENCFF001GQU	S2	ENCSR772AGI
wgEncodeEH002242	hg19/wgEncodeUwRepliSeq/wgEncodeUwRepliSeqHuvecS3AlnRep1.bam	ENCFF001GQQ	S3	ENCSR738PPH
wgEncodeEH002242	hg19/wgEncodeUwRepliSeq/wgEncodeUwRepliSeqHuvecS3PctSignalRep1.bigWig	ENCFF001GQR	S3	ENCSR738PPH
wgEncodeEH002242	hg19/wgEncodeUwRepliSeq/wgEncodeUwRepliSeqHuvecS3RawDataRep1.fastq.gz	ENCFF001GRC	S3	ENCSR738PPH
wgEncodeEH002242	hg19/wgEncodeUwRepliSeq/wgEncodeUwRepliSeqHuvecS4AlnRep1.bam	ENCFF001GQS	S4	ENCSR193NLV
wgEncodeEH002242	hg19/wgEncodeUwRepliSeq/wgEncodeUwRepliSeqHuvecS4PctSignalRep1.bigWig	ENCFF001GQT	S4	ENCSR193NLV
wgEncodeEH002242	hg19/wgEncodeUwRepliSeq/wgEncodeUwRepliSeqHuvecS4RawDataRep1.fastq.gz	ENCFF001GRK	S4	ENCSR193NLV
wgEncodeEH002242	hg19/wgEncodeUwRepliSeq/wgEncodeUwRepliSeqHuvecSumSignalRep1.bigWig	ENCFF001GQV		ENCSR579NVW
wgEncodeEH002242	hg19/wgEncodeUwRepliSeq/wgEncodeUwRepliSeqHuvecValleysRep1.bed.gz	ENCFF001XLA		ENCSR579NVW
wgEncodeEH002242	hg19/wgEncodeUwRepliSeq/wgEncodeUwRepliSeqHuvecValleysRep1.bigBed	ENCFF001GQW		ENCSR579NVW
wgEncodeEH002242	hg19/wgEncodeUwRepliSeq/wgEncodeUwRepliSeqHuvecWaveSignalRep1.bigWig	ENCFF001GQX		ENCSR579NVW
wgEncodeEH002245	hg19/wgEncodeUwRepliSeq/wgEncodeUwRepliSeqImr90G1bAlnRep1.bam	ENCFF001GQZ	G1b	ENCSR000CXF
wgEncodeEH002245	hg19/wgEncodeUwRepliSeq/wgEncodeUwRepliSeqImr90G1bPctSignalRep1.bigWig	ENCFF001GRA	G1b	ENCSR000CXF
wgEncodeEH002245	hg19/wgEncodeUwRepliSeq/wgEncodeUwRepliSeqImr90G1bRawDataRep1.fastq.gz	ENCFF001GRN	G1b	ENCSR000CXF
wgEncodeEH002245	hg19/wgEncodeUwRepliSeq/wgEncodeUwRepliSeqImr90G2AlnRep1.bam	ENCFF001GRE	G2	ENCSR333KJW
wgEncodeEH002245	hg19/wgEncodeUwRepliSeq/wgEncodeUwRepliSeqImr90G2PctSignalRep1.bigWig	ENCFF001GRD	G2	ENCSR333KJW
wgEncodeEH002245	hg19/wgEncodeUwRepliSeq/wgEncodeUwRepliSeqImr90G2RawDataRep1.fastq.gz	ENCFF001GRO	G2	ENCSR333KJW
wgEncodeEH002245	hg19/wgEncodeUwRepliSeq/wgEncodeUwRepliSeqImr90PkRep1.bed.gz	ENCFF001XLB		ENCSR579NVW
wgEncodeEH002245	hg19/wgEncodeUwRepliSeq/wgEncodeUwRepliSeqImr90PkRep1.bigBed	ENCFF001GRF		ENCSR579NVW
wgEncodeEH002245	hg19/wgEncodeUwRepliSeq/wgEncodeUwRepliSeqImr90S1AlnRep1.bam	ENCFF001GRH	S1	ENCSR554HRW
wgEncodeEH002245	hg19/wgEncodeUwRepliSeq/wgEncodeUwRepliSeqImr90S1PctSignalRep1.bigWig	ENCFF001GRG	S1	ENCSR554HRW
wgEncodeEH002245	hg19/wgEncodeUwRepliSeq/wgEncodeUwRepliSeqImr90S1RawDataRep1.fastq.gz	ENCFF001GRP	S1	ENCSR554HRW
wgEncodeEH002245	hg19/wgEncodeUwRepliSeq/wgEncodeUwRepliSeqImr90S2AlnRep1.bam	ENCFF001GRI	S2	ENCSR903LKJ
wgEncodeEH002245	hg19/wgEncodeUwRepliSeq/wgEncodeUwRepliSeqImr90S2PctSignalRep1.bigWig	ENCFF001GRJ	S2	ENCSR903LKJ
wgEncodeEH002245	hg19/wgEncodeUwRepliSeq/wgEncodeUwRepliSeqImr90S2RawDataRep1.fastq.gz	ENCFF001GRT	S2	ENCSR903LKJ
wgEncodeEH002245	hg19/wgEncodeUwRepliSeq/wgEncodeUwRepliSeqImr90S3AlnRep1.bam	ENCFF001GRL	S3	ENCSR874RPM
wgEncodeEH002245	hg19/wgEncodeUwRepliSeq/wgEncodeUwRepliSeqImr90S3PctSignalRep1.bigWig	ENCFF001GRM	S3	ENCSR874RPM
wgEncodeEH002245	hg19/wgEncodeUwRepliSeq/wgEncodeUwRepliSeqImr90S3RawDataRep1.fastq.gz	ENCFF001GSM	S3	ENCSR874RPM
wgEncodeEH002245	hg19/wgEncodeUwRepliSeq/wgEncodeUwRepliSeqImr90S4AlnRep1.bam	ENCFF001GRR	S4	ENCSR816UHB
wgEncodeEH002245	hg19/wgEncodeUwRepliSeq/wgEncodeUwRepliSeqImr90S4PctSignalRep1.bigWig	ENCFF001GRQ	S4	ENCSR816UHB
wgEncodeEH002245	hg19/wgEncodeUwRepliSeq/wgEncodeUwRepliSeqImr90S4RawDataRep1.fastq.gz	ENCFF001GSL	S4	ENCSR816UHB
wgEncodeEH002245	hg19/wgEncodeUwRepliSeq/wgEncodeUwRepliSeqImr90SumSignalRep1.bigWig	ENCFF001GRS		ENCSR579NVW
wgEncodeEH002245	hg19/wgEncodeUwRepliSeq/wgEncodeUwRepliSeqImr90ValleysRep1.bed.gz	ENCFF001XLC		ENCSR579NVW
wgEncodeEH002245	hg19/wgEncodeUwRepliSeq/wgEncodeUwRepliSeqImr90ValleysRep1.bigBed	ENCFF001GRU		ENCSR579NVW
wgEncodeEH002245	hg19/wgEncodeUwRepliSeq/wgEncodeUwRepliSeqImr90WaveSignalRep1.bigWig	ENCFF001GRV		ENCSR579NVW
wgEncodeEH002246	hg19/wgEncodeUwRepliSeq/wgEncodeUwRepliSeqK562G1AlnRep1.bam	ENCFF001GRW	G1 	ENCSR000CXE
wgEncodeEH002246	hg19/wgEncodeUwRepliSeq/wgEncodeUwRepliSeqK562G1PctSignalRep1.bigWig	ENCFF001GRX	G1 	ENCSR000CXE
wgEncodeEH002246	hg19/wgEncodeUwRepliSeq/wgEncodeUwRepliSeqK562G1RawDataRep1.fastq.tgz.dir/UwStam_K562-1-DS8837-FC20EMA-7.fastq.gz	ENCFF001GRY	G1 	ENCSR000CXE
wgEncodeEH002246	hg19/wgEncodeUwRepliSeq/wgEncodeUwRepliSeqK562G1RawDataRep1.fastq.tgz.dir/UwStam_K562-1-DS8837-FC20ENL-7.fastq.gz	ENCFF001GRZ	G1 	ENCSR000CXE
wgEncodeEH002246	hg19/wgEncodeUwRepliSeq/wgEncodeUwRepliSeqK562G2AlnRep1.bam	ENCFF001GSA	G2	ENCSR810JIM
wgEncodeEH002246	hg19/wgEncodeUwRepliSeq/wgEncodeUwRepliSeqK562G2PctSignalRep1.bigWig	ENCFF001GSB	G2	ENCSR810JIM
wgEncodeEH002246	hg19/wgEncodeUwRepliSeq/wgEncodeUwRepliSeqK562G2RawDataRep1.fastq.tgz.dir/UwStam_K562-1-DS8838-FC20ETG-4.fastq.gz	ENCFF001GSC	G2	ENCSR810JIM
wgEncodeEH002246	hg19/wgEncodeUwRepliSeq/wgEncodeUwRepliSeqK562G2RawDataRep1.fastq.tgz.dir/UwStam_K562-1-DS8838-FC20ETJ-2.fastq.gz	ENCFF001GSD	G2	ENCSR810JIM
wgEncodeEH002246	hg19/wgEncodeUwRepliSeq/wgEncodeUwRepliSeqK562PkRep1.bed.gz	ENCFF001XLD		ENCSR579NVW
wgEncodeEH002246	hg19/wgEncodeUwRepliSeq/wgEncodeUwRepliSeqK562PkRep1.bigBed	ENCFF001GSE		ENCSR579NVW
wgEncodeEH002246	hg19/wgEncodeUwRepliSeq/wgEncodeUwRepliSeqK562S1AlnRep1.bam	ENCFF001GSI	S1	ENCSR958IUL
wgEncodeEH002246	hg19/wgEncodeUwRepliSeq/wgEncodeUwRepliSeqK562S1PctSignalRep1.bigWig	ENCFF001GSF	S1	ENCSR958IUL
wgEncodeEH002246	hg19/wgEncodeUwRepliSeq/wgEncodeUwRepliSeqK562S1RawDataRep1.fastq.tgz.dir/UwStam_K562-1-DS8839-FC20ETG-5.fastq.gz	ENCFF001GSG	S1	ENCSR958IUL
wgEncodeEH002246	hg19/wgEncodeUwRepliSeq/wgEncodeUwRepliSeqK562S1RawDataRep1.fastq.tgz.dir/UwStam_K562-1-DS8839-FC20ETJ-3.fastq.gz	ENCFF001GSH	S1	ENCSR958IUL
wgEncodeEH002246	hg19/wgEncodeUwRepliSeq/wgEncodeUwRepliSeqK562S2AlnRep1.bam	ENCFF001GSK	S2	ENCSR338BMC
wgEncodeEH002246	hg19/wgEncodeUwRepliSeq/wgEncodeUwRepliSeqK562S2PctSignalRep1.bigWig	ENCFF001GSJ	S2	ENCSR338BMC
wgEncodeEH002246	hg19/wgEncodeUwRepliSeq/wgEncodeUwRepliSeqK562S2RawDataRep1.fastq.gz	ENCFF001GSY	S2	ENCSR338BMC
wgEncodeEH002246	hg19/wgEncodeUwRepliSeq/wgEncodeUwRepliSeqK562S3AlnRep1.bam	ENCFF001GSO	S3	ENCSR589KVH
wgEncodeEH002246	hg19/wgEncodeUwRepliSeq/wgEncodeUwRepliSeqK562S3PctSignalRep1.bigWig	ENCFF001GSN	S3	ENCSR589KVH
wgEncodeEH002246	hg19/wgEncodeUwRepliSeq/wgEncodeUwRepliSeqK562S3RawDataRep1.fastq.gz	ENCFF001GTA	S3	ENCSR589KVH
wgEncodeEH002246	hg19/wgEncodeUwRepliSeq/wgEncodeUwRepliSeqK562S4AlnRep1.bam	ENCFF001GSQ	S4	ENCSR802MDS
wgEncodeEH002246	hg19/wgEncodeUwRepliSeq/wgEncodeUwRepliSeqK562S4PctSignalRep1.bigWig	ENCFF001GSP	S4	ENCSR802MDS
wgEncodeEH002246	hg19/wgEncodeUwRepliSeq/wgEncodeUwRepliSeqK562S4RawDataRep1.fastq.gz	ENCFF001GTB	S4	ENCSR802MDS
wgEncodeEH002246	hg19/wgEncodeUwRepliSeq/wgEncodeUwRepliSeqK562SumSignalRep1.bigWig	ENCFF001GSR		ENCSR579NVW
wgEncodeEH002246	hg19/wgEncodeUwRepliSeq/wgEncodeUwRepliSeqK562ValleysRep1.bed.gz	ENCFF001XLE		ENCSR579NVW
wgEncodeEH002246	hg19/wgEncodeUwRepliSeq/wgEncodeUwRepliSeqK562ValleysRep1.bigBed	ENCFF001GSS		ENCSR579NVW
wgEncodeEH002246	hg19/wgEncodeUwRepliSeq/wgEncodeUwRepliSeqK562WaveSignalRep1.bigWig	ENCFF001GST		ENCSR579NVW
wgEncodeEH002247	hg19/wgEncodeUwRepliSeq/wgEncodeUwRepliSeqMcf7G1bAlnRep1.bam	ENCFF001GSU	G1b	ENCSR000CXD
wgEncodeEH002247	hg19/wgEncodeUwRepliSeq/wgEncodeUwRepliSeqMcf7G1bPctSignalRep1.bigWig	ENCFF001GSV	G1b	ENCSR000CXD
wgEncodeEH002247	hg19/wgEncodeUwRepliSeq/wgEncodeUwRepliSeqMcf7G1bRawDataRep1.fastq.gz	ENCFF001GTI	G1b	ENCSR000CXD
wgEncodeEH002247	hg19/wgEncodeUwRepliSeq/wgEncodeUwRepliSeqMcf7G2AlnRep1.bam	ENCFF001GSW	G2	ENCSR292KPN
wgEncodeEH002247	hg19/wgEncodeUwRepliSeq/wgEncodeUwRepliSeqMcf7G2PctSignalRep1.bigWig	ENCFF001GSX	G2	ENCSR292KPN
wgEncodeEH002247	hg19/wgEncodeUwRepliSeq/wgEncodeUwRepliSeqMcf7G2RawDataRep1.fastq.gz	ENCFF001GTJ	G2	ENCSR292KPN
wgEncodeEH002247	hg19/wgEncodeUwRepliSeq/wgEncodeUwRepliSeqMcf7PkRep1.bed.gz	ENCFF001XLF		ENCSR579NVW
wgEncodeEH002247	hg19/wgEncodeUwRepliSeq/wgEncodeUwRepliSeqMcf7PkRep1.bigBed	ENCFF001GSZ		ENCSR579NVW
wgEncodeEH002247	hg19/wgEncodeUwRepliSeq/wgEncodeUwRepliSeqMcf7S1AlnRep1.bam	ENCFF001GTC	S1	ENCSR727ZRP
wgEncodeEH002247	hg19/wgEncodeUwRepliSeq/wgEncodeUwRepliSeqMcf7S1PctSignalRep1.bigWig	ENCFF001GTD	S1	ENCSR727ZRP
wgEncodeEH002247	hg19/wgEncodeUwRepliSeq/wgEncodeUwRepliSeqMcf7S1RawDataRep1.fastq.gz	ENCFF001GTN	S1	ENCSR727ZRP
wgEncodeEH002247	hg19/wgEncodeUwRepliSeq/wgEncodeUwRepliSeqMcf7S2AlnRep1.bam	ENCFF001GTE	S2	ENCSR170QBY
wgEncodeEH002247	hg19/wgEncodeUwRepliSeq/wgEncodeUwRepliSeqMcf7S2PctSignalRep1.bigWig	ENCFF001GTF	S2	ENCSR170QBY
wgEncodeEH002247	hg19/wgEncodeUwRepliSeq/wgEncodeUwRepliSeqMcf7S2RawDataRep1.fastq.gz	ENCFF001GTM	S2	ENCSR170QBY
wgEncodeEH002247	hg19/wgEncodeUwRepliSeq/wgEncodeUwRepliSeqMcf7S3AlnRep1.bam	ENCFF001GTG	S3	ENCSR404GFT
wgEncodeEH002247	hg19/wgEncodeUwRepliSeq/wgEncodeUwRepliSeqMcf7S3PctSignalRep1.bigWig	ENCFF001GTH	S3	ENCSR404GFT
wgEncodeEH002247	hg19/wgEncodeUwRepliSeq/wgEncodeUwRepliSeqMcf7S3RawDataRep1.fastq.gz	ENCFF001GTW	S3	ENCSR404GFT
wgEncodeEH002247	hg19/wgEncodeUwRepliSeq/wgEncodeUwRepliSeqMcf7S4AlnRep1.bam	ENCFF001GTL	S4	ENCSR831UBH
wgEncodeEH002247	hg19/wgEncodeUwRepliSeq/wgEncodeUwRepliSeqMcf7S4PctSignalRep1.bigWig	ENCFF001GTK	S4	ENCSR831UBH
wgEncodeEH002247	hg19/wgEncodeUwRepliSeq/wgEncodeUwRepliSeqMcf7S4RawDataRep1.fastq.gz	ENCFF001GTX	S4	ENCSR831UBH
wgEncodeEH002247	hg19/wgEncodeUwRepliSeq/wgEncodeUwRepliSeqMcf7SumSignalRep1.bigWig	ENCFF001GTO		ENCSR579NVW
wgEncodeEH002247	hg19/wgEncodeUwRepliSeq/wgEncodeUwRepliSeqMcf7ValleysRep1.bed.gz	ENCFF001XLG		ENCSR579NVW
wgEncodeEH002247	hg19/wgEncodeUwRepliSeq/wgEncodeUwRepliSeqMcf7ValleysRep1.bigBed	ENCFF001GTP		ENCSR579NVW
wgEncodeEH002247	hg19/wgEncodeUwRepliSeq/wgEncodeUwRepliSeqMcf7WaveSignalRep1.bigWig	ENCFF001GTQ		ENCSR579NVW
wgEncodeEH002249	hg19/wgEncodeUwRepliSeq/wgEncodeUwRepliSeqNhekG1bAlnRep1.bam	ENCFF001GTR	G1b	ENCSR000CXC
wgEncodeEH002249	hg19/wgEncodeUwRepliSeq/wgEncodeUwRepliSeqNhekG1bPctSignalRep1.bigWig	ENCFF001GTS	G1b	ENCSR000CXC
wgEncodeEH002249	hg19/wgEncodeUwRepliSeq/wgEncodeUwRepliSeqNhekG1bRawDataRep1.fastq.gz	ENCFF001GUH	G1b	ENCSR000CXC
wgEncodeEH002249	hg19/wgEncodeUwRepliSeq/wgEncodeUwRepliSeqNhekG2AlnRep1.bam	ENCFF001GTT	G2	ENCSR407DUT
wgEncodeEH002249	hg19/wgEncodeUwRepliSeq/wgEncodeUwRepliSeqNhekG2PctSignalRep1.bigWig	ENCFF001GTU	G2	ENCSR407DUT
wgEncodeEH002249	hg19/wgEncodeUwRepliSeq/wgEncodeUwRepliSeqNhekG2RawDataRep1.fastq.gz	ENCFF001GUE	G2	ENCSR407DUT
wgEncodeEH002249	hg19/wgEncodeUwRepliSeq/wgEncodeUwRepliSeqNhekPkRep1.bed.gz	ENCFF001XLH		ENCSR579NVW
wgEncodeEH002249	hg19/wgEncodeUwRepliSeq/wgEncodeUwRepliSeqNhekPkRep1.bigBed	ENCFF001GTV		ENCSR579NVW
wgEncodeEH002249	hg19/wgEncodeUwRepliSeq/wgEncodeUwRepliSeqNhekS1AlnRep1.bam	ENCFF001GTY	S1	ENCSR886ISU
wgEncodeEH002249	hg19/wgEncodeUwRepliSeq/wgEncodeUwRepliSeqNhekS1PctSignalRep1.bigWig	ENCFF001GTZ	S1	ENCSR886ISU
wgEncodeEH002249	hg19/wgEncodeUwRepliSeq/wgEncodeUwRepliSeqNhekS1RawDataRep1.fastq.gz	ENCFF001GUJ	S1	ENCSR886ISU
wgEncodeEH002249	hg19/wgEncodeUwRepliSeq/wgEncodeUwRepliSeqNhekS2AlnRep1.bam	ENCFF001GUA	S2	ENCSR769UFO
wgEncodeEH002249	hg19/wgEncodeUwRepliSeq/wgEncodeUwRepliSeqNhekS2PctSignalRep1.bigWig	ENCFF001GUB	S2	ENCSR769UFO
wgEncodeEH002249	hg19/wgEncodeUwRepliSeq/wgEncodeUwRepliSeqNhekS2RawDataRep1.fastq.gz	ENCFF001GUI	S2	ENCSR769UFO
wgEncodeEH002249	hg19/wgEncodeUwRepliSeq/wgEncodeUwRepliSeqNhekS3AlnRep1.bam	ENCFF001GUC	S3	ENCSR406MAP
wgEncodeEH002249	hg19/wgEncodeUwRepliSeq/wgEncodeUwRepliSeqNhekS3PctSignalRep1.bigWig	ENCFF001GUD	S3	ENCSR406MAP
wgEncodeEH002249	hg19/wgEncodeUwRepliSeq/wgEncodeUwRepliSeqNhekS3RawDataRep1.fastq.gz	ENCFF001GUK	S3	ENCSR406MAP
wgEncodeEH002249	hg19/wgEncodeUwRepliSeq/wgEncodeUwRepliSeqNhekS4AlnRep1.bam	ENCFF001GUF	S4	ENCSR340MHM
wgEncodeEH002249	hg19/wgEncodeUwRepliSeq/wgEncodeUwRepliSeqNhekS4PctSignalRep1.bigWig	ENCFF001GUG	S4	ENCSR340MHM
wgEncodeEH002249	hg19/wgEncodeUwRepliSeq/wgEncodeUwRepliSeqNhekS4RawDataRep1.fastq.gz	ENCFF001GUX	S4	ENCSR340MHM
wgEncodeEH002249	hg19/wgEncodeUwRepliSeq/wgEncodeUwRepliSeqNhekSumSignalRep1.bigWig	ENCFF001GUL		ENCSR579NVW
wgEncodeEH002249	hg19/wgEncodeUwRepliSeq/wgEncodeUwRepliSeqNhekValleysRep1.bed.gz	ENCFF001XLI		ENCSR579NVW
wgEncodeEH002249	hg19/wgEncodeUwRepliSeq/wgEncodeUwRepliSeqNhekValleysRep1.bigBed	ENCFF001GUM		ENCSR579NVW
wgEncodeEH002249	hg19/wgEncodeUwRepliSeq/wgEncodeUwRepliSeqNhekWaveSignalRep1.bigWig	ENCFF001GUN		ENCSR579NVW
wgEncodeEH002384	hg19/wgEncodeUwRepliSeq/wgEncodeUwRepliSeqSknshG1bAlnRep1.bam	ENCFF001GUP	G1b	ENCSR000CXA
wgEncodeEH002384	hg19/wgEncodeUwRepliSeq/wgEncodeUwRepliSeqSknshG1bPctSignalRep1.bigWig	ENCFF001GUO	G1b	ENCSR000CXA
wgEncodeEH002384	hg19/wgEncodeUwRepliSeq/wgEncodeUwRepliSeqSknshG1bRawDataRep1.fastq.gz	ENCFF001GVA	G1b	ENCSR000CXA
wgEncodeEH002384	hg19/wgEncodeUwRepliSeq/wgEncodeUwRepliSeqSknshG2AlnRep1.bam	ENCFF001GUR	G2	ENCSR016CNN
wgEncodeEH002384	hg19/wgEncodeUwRepliSeq/wgEncodeUwRepliSeqSknshG2PctSignalRep1.bigWig	ENCFF001GUQ	G2	ENCSR016CNN
wgEncodeEH002384	hg19/wgEncodeUwRepliSeq/wgEncodeUwRepliSeqSknshG2RawDataRep1.fastq.gz	ENCFF001GVB	G2	ENCSR016CNN
wgEncodeEH002384	hg19/wgEncodeUwRepliSeq/wgEncodeUwRepliSeqSknshPkRep1.bed.gz	ENCFF001XLJ		ENCSR579NVW
wgEncodeEH002384	hg19/wgEncodeUwRepliSeq/wgEncodeUwRepliSeqSknshPkRep1.bigBed	ENCFF001GUS		ENCSR579NVW
wgEncodeEH002384	hg19/wgEncodeUwRepliSeq/wgEncodeUwRepliSeqSknshS1AlnRep1.bam	ENCFF001GUU	S1	ENCSR534FPJ
wgEncodeEH002384	hg19/wgEncodeUwRepliSeq/wgEncodeUwRepliSeqSknshS1PctSignalRep1.bigWig	ENCFF001GUT	S1	ENCSR534FPJ
wgEncodeEH002384	hg19/wgEncodeUwRepliSeq/wgEncodeUwRepliSeqSknshS1RawDataRep1.fastq.gz	ENCFF001GVC	S1	ENCSR534FPJ
wgEncodeEH002384	hg19/wgEncodeUwRepliSeq/wgEncodeUwRepliSeqSknshS2AlnRep1.bam	ENCFF001GUV	S2	ENCSR512PWK
wgEncodeEH002384	hg19/wgEncodeUwRepliSeq/wgEncodeUwRepliSeqSknshS2PctSignalRep1.bigWig	ENCFF001GUW	S2	ENCSR512PWK
wgEncodeEH002384	hg19/wgEncodeUwRepliSeq/wgEncodeUwRepliSeqSknshS2RawDataRep1.fastq.gz	ENCFF001GVO	S2	ENCSR512PWK
wgEncodeEH002384	hg19/wgEncodeUwRepliSeq/wgEncodeUwRepliSeqSknshS3AlnRep1.bam	ENCFF001GUY	S3	ENCSR885JHI
wgEncodeEH002384	hg19/wgEncodeUwRepliSeq/wgEncodeUwRepliSeqSknshS3PctSignalRep1.bigWig	ENCFF001GUZ	S3	ENCSR885JHI
wgEncodeEH002384	hg19/wgEncodeUwRepliSeq/wgEncodeUwRepliSeqSknshS3RawDataRep1.fastq.gz	ENCFF001GVP	S3	ENCSR885JHI
wgEncodeEH002384	hg19/wgEncodeUwRepliSeq/wgEncodeUwRepliSeqSknshS4AlnRep1.bam	ENCFF001GVE	S4	ENCSR552ZRB
wgEncodeEH002384	hg19/wgEncodeUwRepliSeq/wgEncodeUwRepliSeqSknshS4PctSignalRep1.bigWig	ENCFF001GVD	S4	ENCSR552ZRB
wgEncodeEH002384	hg19/wgEncodeUwRepliSeq/wgEncodeUwRepliSeqSknshS4RawDataRep1.fastq.gz	ENCFF001GVT	S4	ENCSR552ZRB
wgEncodeEH002384	hg19/wgEncodeUwRepliSeq/wgEncodeUwRepliSeqSknshSumSignalRep1.bigWig	ENCFF001GVF		ENCSR579NVW
wgEncodeEH002384	hg19/wgEncodeUwRepliSeq/wgEncodeUwRepliSeqSknshValleysRep1.bed.gz	ENCFF001XLK		ENCSR579NVW
wgEncodeEH002384	hg19/wgEncodeUwRepliSeq/wgEncodeUwRepliSeqSknshValleysRep1.bigBed	ENCFF001GVG		ENCSR579NVW
wgEncodeEH002384	hg19/wgEncodeUwRepliSeq/wgEncodeUwRepliSeqSknshWaveSignalRep1.bigWig	ENCFF001GVH		ENCSR579NVW